address,areacode,contentid,contenttypeid,firstimage,mapx,mapy,title
"부산광역시 금정구 북문로 42","6","298099","12","http://tong.visitkorea.or.kr/cms/resource/82/3552382_image2_1.jpg","129.0549922383","35.2538895578","국청사(부산)"
"부산광역시 영도구 해돋이3길 410-1 (청학동)","6","3017347","12","","129.0559688873","35.0891108108","해돋이전망대"
"부산광역시 서구 암남공원로 181 (암남동)","6","2994364","12","http://tong.visitkorea.or.kr/cms/resource/85/3589785_image2_1.jpg","129.0204310648","35.0613910358","송도스카이파크"
"부산광역시 수영구 광남로257번길 58","6","128134","12","http://tong.visitkorea.or.kr/cms/resource/58/3589758_image2_1.jpg","129.1266024351","35.1613790260","옥련선원"
"부산광역시 수영구 광안동","6","129140","12","http://tong.visitkorea.or.kr/cms/resource/43/3589743_image2_1.jpg","129.0974161159","35.1602230601","금련산"
"부산광역시 서구 암남동","6","2614716","12","http://tong.visitkorea.or.kr/cms/resource/28/3589728_image2_1.jpg","129.0148985467","35.0490923097","두도"
"부산광역시 해운대구 동백로 99 (우동)","6","128810","12","http://tong.visitkorea.or.kr/cms/resource/62/3575962_image2_1.jpg","129.1523226328","35.1536609221","동백공원"
"부산광역시 서구 암남동","6","2614725","12","http://tong.visitkorea.or.kr/cms/resource/24/2614724_image2_1.bmp","129.0195115760","35.0659655069","송도반도 (부산 국가지질공원)"
"부산광역시 영도구 해안산책길 52","6","252561","12","","129.0411870536","35.0812475294","절영해안산책로"
"부산광역시 중구 용두산길 37-30 (광복동2가)","6","1277679","12","http://tong.visitkorea.or.kr/cms/resource/40/3494840_image2_1.jpg","129.0323594995","35.1011951345","부산타워"
"부산광역시 해운대구 우동","6","2617724","12","http://tong.visitkorea.or.kr/cms/resource/89/3575989_image2_1.jpg","129.1436566548","35.1560327184","마린시티"
"부산광역시 수영구 남천동","6","2782626","12","http://tong.visitkorea.or.kr/cms/resource/38/3575838_image2_1.jpg","129.1169286916","35.1462388759","삼익비치수변공원"
"부산광역시 사상구 모라동","6","2677748","12","http://tong.visitkorea.or.kr/cms/resource/04/3575804_image2_1.jpg","129.0093258839","35.1849381103","백양산 웰빙숲"
"부산광역시 금정구 금성동","6","126028","12","http://tong.visitkorea.or.kr/cms/resource/44/3575744_image2_1.jpg","129.0518587773","35.2684489780","금정산"
"부산광역시 동래구 우장춘로 211 (온천동)","6","1607440","12","http://tong.visitkorea.or.kr/cms/resource/14/3561514_image2_1.jpg","129.0771855435","35.2250098725","금강사(부산)"
"부산광역시 동구 초량상로65번길 7 (초량동)","6","1607335","12","http://tong.visitkorea.or.kr/cms/resource/09/3561509_image2_1.jpg","129.0373336157","35.1177378193","소림사(부산)"
"부산광역시 동구 망양로 533-1","6","298111","12","http://tong.visitkorea.or.kr/cms/resource/04/3561504_image2_1.jpg","129.0296786530","35.1204207111","금수사(부산)"
"부산광역시 금정구 두구로33번길 202 (두구동)","6","128886","12","http://tong.visitkorea.or.kr/cms/resource/87/3561487_image2_1.jpg","129.1110109760","35.3040405268","홍법사(부산)"
"부산광역시 금정구 금성동","6","2643873","12","http://tong.visitkorea.or.kr/cms/resource/82/3561482_image2_1.jpg","129.0538229642","35.2513870387","금정산성마을 먹거리촌"
"부산광역시 기장군 동부산관광로 42","6","2815627","12","http://tong.visitkorea.or.kr/cms/resource/21/2815721_image2_1.jpg","129.2129995240","35.1960684107","롯데월드 어드벤처 부산"
"부산광역시 부산진구 진남로 300 남부산교회","6","2944336","12","http://tong.visitkorea.or.kr/cms/resource/00/2947000_image2_1.jpg","129.0732462115","35.1523762699","남부산교회"
"부산광역시 해운대구 마린시티1로 91 (우동, 마린시티두산위브포세이돈)","6","2946508","12","http://tong.visitkorea.or.kr/cms/resource/43/2947043_image2_1.jpg","129.1444371716","35.1549495207","부산 영화의 거리"
"부산광역시 기장군 일광면 달음길 101","6","2776276","12","http://tong.visitkorea.or.kr/cms/resource/02/3561302_image2_1.jpg","129.2225232855","35.3112806782","옥정사"
"부산광역시 기장군 기장읍 기장해안로 340","6","2775559","12","http://tong.visitkorea.or.kr/cms/resource/91/3561291_image2_1.jpg","129.2257620400","35.2055759171","해광사"
"부산광역시 기장군 장안읍 고무로 207-4","6","2775495","12","http://tong.visitkorea.or.kr/cms/resource/73/3561273_image2_1.jpg","129.2752373809","35.3386258180","해동성취사"
"부산광역시 기장군 일광면 참샘길 124","6","347229","12","http://tong.visitkorea.or.kr/cms/resource/89/3561189_image2_1.jpg","129.2167499529","35.2692436170","월명사(부산)"
"부산광역시 기장군 기장읍 내리길 461-16","6","337415","12","http://tong.visitkorea.or.kr/cms/resource/81/3561181_image2_1.jpg","129.1698888820","35.2142766822","안적사(부산)"
"부산광역시 수영구 광안로7번길 17 (광안동, 세종 엠스테이3차)","6","3511057","12","","129.1138175312","35.1579180661","주식회사뷰티홀릭"
"부산광역시 서구 망양로193번길 187 (동대신동2가)","6","126856","12","http://tong.visitkorea.or.kr/cms/resource/87/2754987_image2_1.jpg","129.0279540280","35.1121438284","부산 중앙공원"
"부산광역시 부산진구 진남로 320 (전포동)","6","2944033","12","http://tong.visitkorea.or.kr/cms/resource/22/2947122_image2_1.jpg","129.0719407360","35.1536149962","전포 삼거리"
"부산광역시 사상구 모라로219번길 173","6","346661","12","http://tong.visitkorea.or.kr/cms/resource/72/3342872_image2_1.jpg","129.0134338969","35.1835827820","운수사(부산)"
"부산광역시 영도구 대평북로 36","6","2554070","12","http://tong.visitkorea.or.kr/cms/resource/26/2672726_image2_1.jpg","129.0342206663","35.0932043968","깡깡이 예술마을"
"부산광역시 중구 대청로126번길 12","6","2554068","12","http://tong.visitkorea.or.kr/cms/resource/19/3539019_image2_1.jpg","129.0336899238","35.1017589855","부산영화체험박물관"
"부산광역시 서구 송도해변로 171","6","2504464","12","http://tong.visitkorea.or.kr/cms/resource/11/3413711_image2_1.jpg","129.0234248332","35.0766810472","부산 송도해상케이블카"
"부산광역시 해운대구 수영강변대로 120","6","2456837","12","http://tong.visitkorea.or.kr/cms/resource/52/3035052_image2_1.jpg","129.1270576924","35.1707946470","부산 영화의 전당"
"부산광역시 영도구 태종로 808","6","127752","12","http://tong.visitkorea.or.kr/cms/resource/85/3547085_image2_1.jpg","129.0787786847","35.0645889744","태종대온천찜질방"
"부산광역시 부산진구 백양산로 138","6","128053","12","http://tong.visitkorea.or.kr/cms/resource/36/3552636_image2_1.jpg","129.0275328529","35.1768587956","선암사(부산)"
"부산광역시 영도구 봉래나루로 79 (봉래동1가)","6","252562","12","http://tong.visitkorea.or.kr/cms/resource/75/3031875_image2_1.JPG","129.0388146742","35.0945765502","부산대교"
"부산광역시 중구 신창동4가","6","985921","12","http://tong.visitkorea.or.kr/cms/resource/89/3552989_image2_1.jpg","129.0279265666","35.1006395595","미술의거리"
"부산광역시 동구 범상로1번길 35","6","1607242","12","http://tong.visitkorea.or.kr/cms/resource/04/3552504_image2_1.jpg","129.0468821528","35.1408826262","보광사(부산)"
"부산광역시 동구 정공단로17번길 17 (좌천동)","6","1608673","12","http://tong.visitkorea.or.kr/cms/resource/71/3552471_image2_1.jpg","129.0529067885","35.1350389475","부산진일신여학교"
"부산광역시 영도구 전망로 119","6","1608751","12","http://tong.visitkorea.or.kr/cms/resource/87/3552687_image2_1.jpg","129.0897751849","35.0560095813","태종사"
"부산광역시 금정구 부곡동","6","1935608","12","http://tong.visitkorea.or.kr/cms/resource/44/3552344_image2_1.jpg","129.0970388630","35.2434553947","가톨릭 특성화 거리"
"부산광역시 금정구 오륜대로 260-1","6","2675011","12","http://tong.visitkorea.or.kr/cms/resource/30/3552430_image2_1.jpg","129.1174425369","35.2472747896","땅뫼산"
"부산광역시 동구 범일동","6","2708108","12","http://tong.visitkorea.or.kr/cms/resource/71/3552571_image2_1.jpg","129.0521955945","35.1403327856","범일 이중섭거리"
"부산광역시 서구 충무대로 47 (암남동)","6","129093","12","http://tong.visitkorea.or.kr/cms/resource/87/3476787_image2_1.jpg","129.0178502571","35.0789056952","송도마을"
"부산광역시 기장군 기장읍 차성로417번길 35","6","1953936","12","http://tong.visitkorea.or.kr/cms/resource/38/3534938_image2_1.png","129.2158836772","35.2578421006","기장향교"
"부산광역시 사하구 옥천로75번안길 10 (감천동, 제일아파트)","6","3510987","12","","129.0087950933","35.0934316812","주식회사감천아울"
"부산광역시 사하구 낙동대로 534 (하단동)","6","3511018","12","","128.9651983858","35.1118315978","주식회사어반힐링"
"부산광역시 수영구 수영로 409 (남천동)","6","3511071","12","","129.1083545281","35.1429140892","주식회사피알아이피"
"부산광역시 해운대구 센텀4로 15 센텀시티 몰","6","2496023","12","http://tong.visitkorea.or.kr/cms/resource/33/3526933_image2_1.jpg","129.1283187187","35.1699003261","키자니아 부산"
"부산광역시 해운대구 반송순환로 100-53 (반송동)","6","2907087","12","http://tong.visitkorea.or.kr/cms/resource/82/2907082_image2_1.JPG","117.9925662504","19.6944274800","반송공원"
"부산광역시 남구 황령산로 391-39","6","2733472","12","","129.0827285679","35.1579341561","황령산 전망대"
"부산광역시 해운대구 청사포로 116 (중동)","6","2822343","12","http://tong.visitkorea.or.kr/cms/resource/37/2822337_image2_1.png","129.1914273569","35.1612857933","해운대 그린레일웨이 (미포~송정 구간)"
"부산광역시 사하구 낙동남로 1240","6","2614714","12","http://tong.visitkorea.or.kr/cms/resource/37/3029337_image2_1.jpg","128.9460085869","35.1045515050","낙동강하구 (부산 국가지질공원)"
"부산광역시 중구 민주공원길 19","6","127149","12","http://tong.visitkorea.or.kr/cms/resource/47/3498447_image2_1.jpg","129.0281096457","35.1093802515","민주공원"
"부산광역시 북구 학사로 118 (화명동)","6","3442423","12","http://tong.visitkorea.or.kr/cms/resource/07/3442507_image2_1.jpeg","129.0081635592","35.2329549282","부산기후변화체험교육관"
"부산광역시 사하구 몰운대1길 14 (다대동)","6","769761","12","http://tong.visitkorea.or.kr/cms/resource/08/3506208_image2_1.jpg","128.9680471374","35.0463945293","다대포 꿈의 낙조분수"
"부산광역시 해운대구 장산로 331-18 (좌동)","6","2875849","12","http://tong.visitkorea.or.kr/cms/resource/42/2875842_image2_1.JPG","129.1678566312","35.1813775511","대천공원"
"부산광역시 해운대구 달맞이길 184 (중동)","6","2875837","12","http://tong.visitkorea.or.kr/cms/resource/24/2875824_image2_1.JPG","129.1821532774","35.1571305311","달맞이동산"
"부산광역시 북구 산성로 299","6","2756696","12","http://tong.visitkorea.or.kr/cms/resource/41/3497041_image2_1.jpg","129.0426767218","35.2510535364","화명수목원"
"부산광역시 강서구 범방4로 132","6","2867934","12","http://tong.visitkorea.or.kr/cms/resource/14/2867914_image2_1.JPG","128.8860013488","35.1543170520","녹산고향동산"
"부산광역시 동구 초량로13번길 53","6","1942299","12","http://tong.visitkorea.or.kr/cms/resource/79/3070879_image2_1.JPG","129.0395112298","35.1167962983","남선창고터"
"부산광역시 동구 중앙대로 206","6","1846830","12","http://tong.visitkorea.or.kr/cms/resource/78/3070878_image2_1.JPG","129.0424332391","35.1152715223","남도해양열차 에스트레인(S-train)"
"부산광역시 남구 진남로210번길 58-15","6","319563","12","http://tong.visitkorea.or.kr/cms/resource/32/3070632_image2_1.JPG","129.0800957995","35.1456799238","성암사(부산)"
"부산광역시 금정구 장전동 산 43-1","6","128830","12","http://tong.visitkorea.or.kr/cms/resource/04/3070504_image2_1.JPG","129.0770632920","35.2264763727","금강식물원"
"부산광역시 수영구 민락동","6","127925","12","http://tong.visitkorea.or.kr/cms/resource/42/3071042_image2_1.JPG","129.1221363273","35.1551657503","광안리해변 테마거리"
"부산광역시 남구 동명로 57 (용당동)","6","126147","12","http://tong.visitkorea.or.kr/cms/resource/69/3070669_image2_1.JPG","129.1038166893","35.1189694636","부산동명불원"
"부산광역시 해운대구 송정해변로 1-23","6","129597","12","http://tong.visitkorea.or.kr/cms/resource/88/3019388_image2_1.JPG","129.2061338980","35.1799561988","죽도공원"
"부산광역시 영도구 절영로7번길 41-1 (봉래동2가)","6","2470024","12","http://tong.visitkorea.or.kr/cms/resource/64/3399264_image2_1.jpg","129.0427254928","35.0928101531","삼진어묵 체험·역사과학관"
"부산광역시 강서구 체육공원로6번길 139-28 (대저1동)","6","2732397","12","http://tong.visitkorea.or.kr/cms/resource/64/3491264_image2_1.jpg","128.9797833440","35.2093737159","물빛색스튜디오"
"부산광역시 동래구 동래로 160 (칠산동)","6","309338","12","http://tong.visitkorea.or.kr/cms/resource/97/3081197_image2_1.JPG","129.0879435276","35.2036235793","법륜사(부산)"
"부산광역시 남구 분포로 66-40","6","2822240","12","http://tong.visitkorea.or.kr/cms/resource/33/2822233_image2_1.jpg","129.1201732372","35.1322571676","용호별빛공원"
"부산광역시 사하구 하단동","6","2674974","12","http://tong.visitkorea.or.kr/cms/resource/46/3029246_image2_1.jpg","128.9851266839","35.1310381466","승학산"
"부산광역시 동래구 복천로 66","6","231945","12","http://tong.visitkorea.or.kr/cms/resource/94/3083494_image2_1.JPG","129.0906820891","35.2068732659","부산 복천동 고분군"
"부산광역시 중구 용두산길 37-55","6","1942348","12","http://tong.visitkorea.or.kr/cms/resource/24/3049224_image2_1.JPG","129.0327483723","35.1005396593","관수옥과 초량왜관 터"
"부산광역시 영도구 동삼동","6","3017435","12","http://tong.visitkorea.or.kr/cms/resource/53/3455153_image2_1.jpg","129.0643270354","35.0692381886","중리노을전망대"
"부산광역시 해운대구 해운대해변로 266","6","229912","12","http://tong.visitkorea.or.kr/cms/resource/09/3020609_image2_1.jpg","129.1610328343","35.1591965750","씨라이프부산아쿠아리움"
"부산광역시 해운대구 수영강변대로 85","6","2705325","12","http://tong.visitkorea.or.kr/cms/resource/26/3041326_image2_1.JPG","129.1273244146","35.1679171964","해운대리버크루즈"
"부산광역시 중구 중구로 36","6","1018702","12","http://tong.visitkorea.or.kr/cms/resource/30/3476830_image2_1.jpg","129.0280793175","35.1011311741","국제시장 먹자골목"
"부산광역시 연제구 묘봉산로 40","6","294452","12","http://tong.visitkorea.or.kr/cms/resource/20/3476820_image2_1.jpg","129.0912632411","35.1833036953","감천사(부산)"
"부산광역시 영도구 청학동 217-43","6","2736392","12","http://tong.visitkorea.or.kr/cms/resource/30/3080230_image2_1.JPG","129.0611626448","35.0977293865","청학수변공원"
"부산광역시 북구 화명동","6","127891","12","http://tong.visitkorea.or.kr/cms/resource/60/3476760_image2_1.jpg","129.0192012320","35.2422290925","대천천"
"부산광역시 해운대구 중동2로 16","6","126108","12","http://tong.visitkorea.or.kr/cms/resource/17/3026517_image2_1.JPG","129.1645768542","35.1634406103","해운대온천센터"
"부산광역시 중구 망양로 327-1 (대청동4가)","6","3064931","12","http://tong.visitkorea.or.kr/cms/resource/23/3064923_image2_1.JPG","129.0294707029","35.1070333171","색채마을"
"부산광역시 중구 자갈치해안로 60 (남포동4가)","6","3064821","12","http://tong.visitkorea.or.kr/cms/resource/18/3064818_image2_1.JPG","129.0317124553","35.0967261783","자갈치 크루즈"
"부산광역시 중구 광복중앙로 19 (신창동1가)","6","1942233","12","http://tong.visitkorea.or.kr/cms/resource/39/3049439_image2_1.JPG","129.0307152012","35.1010840062","대각사(부산)"
"부산광역시 영도구 대평로 42","6","1942253","12","http://tong.visitkorea.or.kr/cms/resource/19/3031919_image2_1.JPG","129.0334901970","35.0923794753","수리조선소길"
"부산광역시 수영구 수영성로 43","6","129631","12","http://tong.visitkorea.or.kr/cms/resource/02/3476802_image2_1.jpg","129.1117117085","35.1743106361","경상좌수영성지"
"부산광역시 사하구 낙동남로 1169 (하단동)","6","3027444","12","http://tong.visitkorea.or.kr/cms/resource/23/3027423_image2_1.JPG","128.9394840158","35.1096647018","낙조정"
"부산광역시 금정구 장전동","6","3027098","12","http://tong.visitkorea.or.kr/cms/resource/77/3027077_image2_1.JPG","129.0642277794","35.2453406867","금정산성 동문"
"부산광역시 부산진구 서전로37번길 20","6","2994179","12","http://tong.visitkorea.or.kr/cms/resource/78/2994078_image2_1.JPG","129.0642801508","35.1587281711","전포공구길"
"부산광역시 중구 구덕로 73","6","1960620","12","http://tong.visitkorea.or.kr/cms/resource/37/3049537_image2_1.JPG","129.0277461155","35.0973677005","부산 자갈치 양곱창 골목"
"부산광역시 강서구 제도로 29","6","482123","12","http://tong.visitkorea.or.kr/cms/resource/85/3041185_image2_1.JPG","128.9190855715","35.1177578650","청량사(부산)"
"부산광역시 수영구 망미배산로76번나길 15","6","337532","12","http://tong.visitkorea.or.kr/cms/resource/17/3032417_image2_1.JPG","129.0986683346","35.1766545764","영주암(부산)"
"부산광역시 연제구 봉수로 138","6","304695","12","http://tong.visitkorea.or.kr/cms/resource/32/3031232_image2_1.JPG","129.0876863061","35.1639058017","마하사(부산)"
"부산광역시 연제구 성지곡로 111","6","298112","12","http://tong.visitkorea.or.kr/cms/resource/77/3031277_image2_1.JPG","129.0496638560","35.1916075512","금용암(부산)"
"부산광역시 강서구 송정동","6","250424","12","http://tong.visitkorea.or.kr/cms/resource/91/3031391_image2_1.JPG","128.8209252451","35.0967250919","망산도·유주암"
"부산광역시 해운대구","6","127004","12","http://tong.visitkorea.or.kr/cms/resource/68/3026468_image2_1.JPG","129.1598690678","35.1584383046","해운대 관광특구"
"부산광역시 중구 광복로 72-1 (광복동2가)","6","126857","12","http://tong.visitkorea.or.kr/cms/resource/11/3049611_image2_1.JPG","129.0327400915","35.0986398717","광복로패션거리"
"부산광역시 서구 엄광산로40번길 80 (서대신동3가)","6","777057","12","http://tong.visitkorea.or.kr/cms/resource/55/3031655_image2_1.JPG","129.0117550433","35.1265891347","내원정사(부산)"
"부산광역시 해운대구 달맞이길62번길 13 (중동)","6","3027700","12","http://tong.visitkorea.or.kr/cms/resource/53/3027653_image2_1.JPG","129.1728512790","35.1581969059","청사포 기찻길"
"부산광역시 중구 자갈치해안로 52","6","1957694","12","http://tong.visitkorea.or.kr/cms/resource/46/3049246_image2_1.JPG","129.0306014426","35.0966650543","용두산 자갈치 관광특구"
"부산광역시 사하구 제석로79번길 33 (당리동)","6","2785265","12","http://tong.visitkorea.or.kr/cms/resource/10/2790710_image2_1.JPG","128.9758364301","35.1088376838","관음사(부산)"
"부산광역시 서구 송도해변로 100","6","126122","12","http://tong.visitkorea.or.kr/cms/resource/86/2504686_image2_1.jpg","129.0164588470","35.0739256715","부산 송도해수욕장"
"부산광역시 금정구 체육공원로399번길 324","6","1082315","12","http://tong.visitkorea.or.kr/cms/resource/12/2504712_image2_1.jpg","129.1051090492","35.2918223435","스포원파크재난안전체험관"
"부산광역시 해운대구 장산로 331-18","6","2614727","12","http://tong.visitkorea.or.kr/cms/resource/66/2661666_image2_1.jpg","129.1681899430","35.1811053657","장산 (부산 국가지질공원)"
"부산광역시 남구 신선로447번길 24 (대연동)","6","2783380","12","http://tong.visitkorea.or.kr/cms/resource/56/2795656_image2_1.jpg","129.0986919647","35.1251964498","대연수목전시원"
"부산광역시 기장군 철마면 철마천로 101","6","2660770","12","http://tong.visitkorea.or.kr/cms/resource/30/2661730_image2_1.jpg","129.1298103057","35.2690086937","부산 치유의 숲"
"부산광역시 기장군 기장읍 공수해안길 13-2","6","128610","12","http://tong.visitkorea.or.kr/cms/resource/32/2504632_image2_1.jpg","129.2111944455","35.1844585662","공수어촌체험마을"
"부산광역시 금정구 개좌로 147","6","2661475","12","http://tong.visitkorea.or.kr/cms/resource/72/2661472_image2_1.jpg","129.1166487680","35.2252550204","회동수원지"
"부산광역시 영도구 영선동4가 1044-6","6","2606221","12","","129.0453201165","35.0779590845","영도 흰여울해안터널"
"부산광역시 기장군 철마면 웅천리 254-4","6","2782765","12","http://tong.visitkorea.or.kr/cms/resource/58/2794158_image2_1.jpg","129.1695450043","35.2954092493","곰내연밭"
"부산광역시 금정구 북문로 126","6","309293","12","http://tong.visitkorea.or.kr/cms/resource/99/2687599_image2_1.jpg","129.0489255467","35.2740066340","미륵사(부산)"
"부산광역시 강서구 천성동","6","2726843","12","","128.8216713782","35.0317518247","가덕도 연대봉"
"부산광역시 금정구 체육공원로399번길 324","6","128108","12","http://tong.visitkorea.or.kr/cms/resource/25/3409925_image2_1.jpg","129.1070700628","35.2891615670","스포원파크"
"부산광역시 동래구 우장춘로 155 (온천동)","6","127445","12","http://tong.visitkorea.or.kr/cms/resource/12/3336512_image2_1.jpg","129.0762190978","35.2200354122","금강공원"
"부산광역시 동래구 동래로 103","6","1607360","12","http://tong.visitkorea.or.kr/cms/resource/25/3336525_image2_1.jpg","129.0841215255","35.2077202717","동래향교"
"부산광역시 동구 초량상로 53","6","1942239","12","http://tong.visitkorea.or.kr/cms/resource/14/3343314_image2_1.jpg","129.0369614421","35.1171434347","초량교회"
"부산광역시 동구 망양로 671","6","304811","12","http://tong.visitkorea.or.kr/cms/resource/32/3343332_image2_1.jpg","129.0395054026","35.1267618490","묘심사(부산)"
"부산광역시 동구 초량동","6","2656194","12","http://tong.visitkorea.or.kr/cms/resource/06/2720806_image2_1.jpg","129.0306535435","35.1213095185","친환경 스카이웨이 전망대(이바구길)"
"부산광역시 기장군 장안읍 장안로 211","6","2661452","12","http://tong.visitkorea.or.kr/cms/resource/61/2795861_image2_1.jpg","129.2399148578","35.3601199691","안데르센 동화마을"
"부산광역시 남구 황령산로 391-39","6","128290","12","http://tong.visitkorea.or.kr/cms/resource/50/2732750_image2_1.jpg","129.0827285679","35.1579341561","황령산"
"부산광역시 강서구 외양포로 10","6","129156","12","http://tong.visitkorea.or.kr/cms/resource/81/3342781_image2_1.jpg","128.8295937487","35.0006471157","가덕도 등대"
"부산광역시 강서구 가락대로 929","6","2456224","12","http://tong.visitkorea.or.kr/cms/resource/39/3350939_image2_1.jpg","128.8819239173","35.1546447184","렛츠런파크 부산경남"
"부산광역시 강서구 녹산산단262로14번길 20","6","2789334","12","http://tong.visitkorea.or.kr/cms/resource/45/3337845_image2_1.jpg","128.8432429784","35.0881459047","보람공원"
"부산광역시 해운대구 청사포로 167","6","2607943","12","http://tong.visitkorea.or.kr/cms/resource/96/2941196_image2_1.bmp","129.1954075101","35.1633523032","청사포 다릿돌전망대"
"부산광역시 해운대구 수영강변대로 203","6","128164","12","http://tong.visitkorea.or.kr/cms/resource/77/3368477_image2_1.jpg","129.1270084045","35.1449947568","부산광안대교"
"부산광역시 해운대구광역시 석대동 26","6","2782782","12","http://tong.visitkorea.or.kr/cms/resource/91/3353991_image2_1.jpg","129.1326250124","35.2304408466","해운대수목원"
"부산광역시 해운대구 동백로 67","6","987810","12","http://tong.visitkorea.or.kr/cms/resource/47/3350847_image2_1.jpg","129.1521809693","35.1539914380","해운대 동백섬"
"부산광역시 해운대구 중동","6","2784330","12","http://tong.visitkorea.or.kr/cms/resource/22/3336622_image2_1.jpg","129.1717291585","35.1580385696","미포항"
"부산광역시 해운대구 해운대해변로 52","6","2381553","12","http://tong.visitkorea.or.kr/cms/resource/73/3337973_image2_1.jpg","129.1380958485","35.1625180008","부산영화촬영스튜디오"
"부산광역시 수영구 연수로379번길 42","6","126814","12","","129.1138921398","35.1719498296","25의용단"
"부산광역시 서구 해돋이로183번길 17-4","6","2721158","12","","129.0173415667","35.0936484810","천마산하늘전망대"
"부산광역시 서구 꽃마을로163번길 73 (서대신동3가)","6","2744597","12","http://tong.visitkorea.or.kr/cms/resource/40/3369140_image2_1.jpg","129.0058166756","35.1264334874","구덕문화공원"
"부산광역시 사하구 하단동 1149-10","6","2783344","12","http://tong.visitkorea.or.kr/cms/resource/51/2787651_image2_1.jpg","128.9492081536","35.1102509254","낙동강 생태탐방선"
"부산광역시 사하구 낙동남로1233번길 1","6","2554141","12","http://tong.visitkorea.or.kr/cms/resource/22/3337322_image2_1.jpg","128.9474416939","35.1082872241","낙동강문화관"
"부산광역시 사상구 가야대로 35","6","2785762","12","http://tong.visitkorea.or.kr/cms/resource/07/3370707_image2_1.jpg","128.9768740479","35.1521995132","사상근린공원"
"부산광역시 사상구 백양대로804번길 42-57 약수암","6","337435","12","http://tong.visitkorea.or.kr/cms/resource/80/3342880_image2_1.jpg","128.9965271813","35.1782275148","약수암(부산)"
"부산광역시 북구 낙동북로 687 (구포동)","6","2755676","12","http://tong.visitkorea.or.kr/cms/resource/17/3397217_image2_1.jpg","128.9999845896","35.2010583530","구포 어린이교통공원"
"부산광역시 북구 금곡동","6","3414171","12","http://tong.visitkorea.or.kr/cms/resource/91/3414191_image2_1.jpg","129.0204258972","35.2505392944","금곡동 율리 바위그늘유적"
"부산광역시 부산진구 범전동","6","3093625","12","http://tong.visitkorea.or.kr/cms/resource/21/3093621_image2_1.PNG","129.0546280676","35.1640385095","부산진 별빛산책길"
"부산광역시 남구 신선로447번길 10","6","128055","12","http://tong.visitkorea.or.kr/cms/resource/63/3370163_image2_1.jpg","129.0995779953","35.1253214518","평화공원"
"부산광역시 기장군 장안읍 장안로 482","6","2758489","12","http://tong.visitkorea.or.kr/cms/resource/46/3342846_image2_1.jpg","129.2328150778","35.3744348966","장안사계곡"
"부산광역시 기장군 장안읍 고무로 271-47","6","2758498","12","http://tong.visitkorea.or.kr/cms/resource/36/3342836_image2_1.jpg","129.2765262292","35.3360483529","은진사"
"부산광역시 기장군 정관읍 방곡리","6","2758469","12","http://tong.visitkorea.or.kr/cms/resource/82/3336582_image2_1.jpg","129.1843288936","35.3291390743","소두방공원"
"부산광역시 기장군 일광면 학리 251-13","6","2775565","12","http://tong.visitkorea.or.kr/cms/resource/27/3334627_image2_1.jpg","129.2477530679","35.2599730111","학리항(학리방파제)"
"부산광역시 기장군 철마면 미동길 37-1","6","2385686","12","http://tong.visitkorea.or.kr/cms/resource/91/3309791_image2_1.jpg","129.1715589466","35.2871407693","아홉산숲"
"부산광역시 금정구 장전동","6","2643387","12","http://tong.visitkorea.or.kr/cms/resource/01/3336601_image2_1.jpg","129.0825597462","35.2369919623","북맛골"
"부산광역시 강서구 대항동","6","2605602","12","http://tong.visitkorea.or.kr/cms/resource/03/3342803_image2_1.jpg","128.8251995524","35.0056381443","외양포 포진지"
"부산광역시 동래구 온천천로 451","6","2822334","12","http://tong.visitkorea.or.kr/cms/resource/33/2822333_image2_1.png","129.1024592605","35.1916279693","동래온천길(온천천 카페거리)"
"부산광역시 강서구 가덕해안로1207번길 9-2","6","128564","12","http://tong.visitkorea.or.kr/cms/resource/26/2607126_image2_1.bmp","128.8276908389","35.0117208424","대항 어촌체험 휴양마을"
"부산광역시 영도구 번영길 8","6","2999905","12","","129.0452947259","35.0923685831","플루니티"
"부산광역시 남구 대연동","6","2945389","12","","129.0976280442","35.1297375886","UN조각공원"
"부산광역시 해운대구 수영강변대로 120 (우동)","6","3454074","12","http://tong.visitkorea.or.kr/cms/resource/99/3453999_image2_1.jpg","129.1270687971","35.1710029572","영화의전당 라이브러리 자료실"
"부산광역시 동구 범일로 125 (범일동)","6","3452166","12","http://tong.visitkorea.or.kr/cms/resource/06/3451506_image2_1.jpg","129.0586005649","35.1413411243","커넥트현대"
"부산광역시 부산진구 서전로 40 (전포동)","6","3421909","12","http://tong.visitkorea.or.kr/cms/resource/96/3421696_image2_1.jpg","129.0642468527","35.1575588567","그런고로"
"부산광역시 영도구 감지길 110","6","2785289","12","","129.0764900502","35.0625336062","감지해변"
"부산광역시 중구 영주동 91-7","6","2721157","12","","129.0307259427","35.1146102693","영주하늘눈전망대"
"부산광역시 중구","6","2650232","12","http://tong.visitkorea.or.kr/cms/resource/16/3343716_image2_1.jpg","129.0309232942","35.1092330974","산복도로"
"부산광역시 부산진구 백양대로 227","6","2788392","14","http://tong.visitkorea.or.kr/cms/resource/31/3587431_image2_1.jpg","129.0258252014","35.1573442832","한국신발관"
"부산광역시 사상구 덕상로72번길 9","6","130834","14","http://tong.visitkorea.or.kr/cms/resource/53/3338053_image2_1.jpg","128.9898027697","35.1781301800","부산점자도서관"
"부산광역시 기장군 임랑해안길 1 박태준기념관","6","2823059","14","http://tong.visitkorea.or.kr/cms/resource/56/2823056_image2_1.jpg","129.2612503134","35.3169141022","박태준기념관"
"부산광역시 해운대구 동백로 116","6","1918263","14","http://tong.visitkorea.or.kr/cms/resource/20/3334420_image2_1.jpg","129.1513116443","35.1523943787","누리마루 APEC하우스"
"부산광역시 동구 영초윗길 48","6","1945293","14","http://tong.visitkorea.or.kr/cms/resource/67/3070867_image2_1.JPG","129.0327117725","35.1185793062","장기려기념 더 나눔센터"
"부산광역시 해운대구 APEC로 55","6","130668","14","http://tong.visitkorea.or.kr/cms/resource/55/3020355_image2_1.jpg","129.1363347095","35.1691116738","벡스코(BEXCO)"
"부산광역시 해운대구 달맞이길65번길 171","6","130642","14","http://tong.visitkorea.or.kr/cms/resource/85/3568585_image2_1.jpg","129.1795840631","35.1568860663","조현화랑"
"부산광역시 영도구 벚꽃길 75 (청학동)","6","2736377","14","http://tong.visitkorea.or.kr/cms/resource/71/2736471_image2_1.jpg","129.0583548936","35.0853307223","영도 조내기 고구마 역사기념관"
"부산광역시 남구 분포로 101 (용호동)","6","3451794","14","http://tong.visitkorea.or.kr/cms/resource/71/3459571_image2_1.jpg","129.1153458655","35.1327486901","해성아트베이"
"부산광역시 기장군 정관읍 정관중앙로 122","6","2556598","14","http://tong.visitkorea.or.kr/cms/resource/91/3541891_image2_1.jpg","129.1849372349","35.3269448875","정관박물관"
"부산광역시 수영구 수영로607번길 28 (광안동)","6","2782757","14","http://tong.visitkorea.or.kr/cms/resource/97/2795997_image2_1.jpg","129.1121398296","35.1604483075","책방오월"
"부산광역시 해운대구 좌동로 9 (중동)","6","2782714","14","http://tong.visitkorea.or.kr/cms/resource/54/2795954_image2_1.png","129.1684791847","35.1673652425","책방봄봄"
"부산광역시 동래구 문화로 80 (명륜동)","6","130381","14","http://tong.visitkorea.or.kr/cms/resource/41/3476741_image2_1.jpg","129.0905625108","35.2121198984","동래문화원"
"부산광역시 동래구 충렬대로 지하223 (수안동)","6","3017112","14","http://tong.visitkorea.or.kr/cms/resource/82/3017082_image2_1.JPG","129.0839244809","35.2018764786","동래읍성 임진왜란 역사관"
"부산광역시 중구 대청로 112 (대청동1가)","6","3083767","14","http://tong.visitkorea.or.kr/cms/resource/38/3428638_image2_1.jpg","129.0321900270","35.1027616225","부산근현대역사관 본관"
"부산광역시 부산진구 초읍천로 113-10","6","130737","14","http://tong.visitkorea.or.kr/cms/resource/42/3032342_image2_1.JPG","129.0455755619","35.1828751212","부산자유회관(부산통일관)"
"부산광역시 사하구 낙동남로1233번길 25","6","1748028","14","http://tong.visitkorea.or.kr/cms/resource/99/3029299_image2_1.JPG","128.9447641030","35.1099925394","을숙도문화회관"
"부산광역시 해운대구 해운대해변로 302 (중동, 대림맨션)","6","2834026","14","http://tong.visitkorea.or.kr/cms/resource/60/2836060_image2_1.jpg","129.1639936365","35.1610686425","갤러리이알디 부산"
"부산광역시 해운대구 센텀중앙로 55 (우동)","6","3023734","14","http://tong.visitkorea.or.kr/cms/resource/09/3023709_image2_1.JPG","129.1276353562","35.1731360622","동서대학교 소향씨어터 신한카드홀"
"부산광역시 동구 중앙대로209번길 16","6","2822910","14","http://tong.visitkorea.or.kr/cms/resource/67/2822867_image2_1.jpg","129.0391696039","35.1163768939","창비부산"
"부산광역시 기장군 기장읍 차성동로126번길 13-5","6","130799","14","http://tong.visitkorea.or.kr/cms/resource/87/3476687_image2_1.jpg","129.2172810028","35.2497097044","부산광역시 기장도서관"
"부산광역시 동래구 충렬대로202번가길 24 (수안동)","6","2550799","14","http://tong.visitkorea.or.kr/cms/resource/81/3081181_image2_1.JPG","129.0828690343","35.2012570842","한국기독교선교박물관"
"부산광역시 해운대구 재반로282번길 38","6","130796","14","http://tong.visitkorea.or.kr/cms/resource/30/3081430_image2_1.JPG","129.1338451325","35.2020357183","반여도서관"
"부산광역시 기장군 기장읍 청강로74번길 35-6","6","130380","14","http://tong.visitkorea.or.kr/cms/resource/82/3476682_image2_1.jpg","129.2217032374","35.2353502842","기장문화원"
"부산광역시 해운대구 양운로 97 해운대문화회관","6","1748157","14","http://tong.visitkorea.or.kr/cms/resource/27/3026627_image2_1.JPG","129.1740313744","35.1711815853","해운대문화회관"
"부산광역시 중구 망양로193번길 146","6","130795","14","http://tong.visitkorea.or.kr/cms/resource/29/3049829_image2_1.JPG","129.0269458417","35.1099940500","부산광역시립 중앙도서관"
"부산광역시 영도구 함지로79번길 6","6","130793","14","http://tong.visitkorea.or.kr/cms/resource/44/3032044_image2_1.JPG","129.0660433825","35.0755014082","부산광역시 영도도서관"
"부산광역시 영도구 태종로 729","6","130774","14","http://tong.visitkorea.or.kr/cms/resource/85/3031985_image2_1.JPG","129.0796423170","35.0712160269","동삼동패총전시관"
"부산광역시 해운대구 APEC로 58","6","130166","14","http://tong.visitkorea.or.kr/cms/resource/62/2712662_image2_1.jpg","129.1370458254","35.1666980687","부산시립미술관"
"부산광역시 동구 망양로486번길 14-13","6","1942314","14","http://tong.visitkorea.or.kr/cms/resource/29/2735629_image2_1.jpg","129.0338450468","35.1171267121","이바구공작소"
"부산광역시 동구 성북로36번길 54","6","130798","14","http://tong.visitkorea.or.kr/cms/resource/48/3343348_image2_1.jpg","129.0524428566","35.1380885970","부산 동구도서관"
"부산광역시 강서구 낙동북로 477 강서구청","6","130216","14","http://tong.visitkorea.or.kr/cms/resource/88/3336488_image2_1.jpg","128.9805054495","35.2113235102","부산 강서문화원"
"부산광역시 동래구 명안로46번길 35","6","130749","14","http://tong.visitkorea.or.kr/cms/resource/28/3476728_image2_1.jpg","129.1065697598","35.2008714550","부산광역시립 명장도서관"
"부산광역시 연제구 고분로191번길 16 부산광역시립연산도서관","6","130797","14","http://tong.visitkorea.or.kr/cms/resource/05/3343405_image2_1.jpg","129.1040120547","35.1861091721","부산광역시립 연산도서관"
"부산광역시 사상구 가야대로196번길 51","6","130382","14","","128.9948587180","35.1476309123","사상문화원"
"부산광역시 북구 금곡대로46번길 50","6","1747913","14","http://tong.visitkorea.or.kr/cms/resource/87/3343387_image2_1.jpg","129.0057670798","35.2134515157","북구문화예술회관 공연장"
"부산광역시 부산진구 월드컵대로 462 (초읍동)","6","130752","14","http://tong.visitkorea.or.kr/cms/resource/01/3336501_image2_1.jpg","129.0503001507","35.1828835404","부산광역시립 시민도서관"
"부산광역시 남구 유엔평화로76번길 1 부산문화회관","6","129725","14","http://tong.visitkorea.or.kr/cms/resource/68/3332668_image2_1.jpg","129.0937450823","35.1285070990","부산문화회관"
"부산광역시 금정구 범어사로 250","6","2554111","14","http://tong.visitkorea.or.kr/cms/resource/18/3342818_image2_1.jpg","129.0681152667","35.2839753157","범어사 성보박물관"
"부산광역시 금정구 부산대학로63번길 2","6","1607138","14","http://tong.visitkorea.or.kr/cms/resource/13/3332613_image2_1.jpg","129.0798600805","35.2333923163","부산대학교 박물관"
"부산광역시 금정구 중앙대로1826번길 10-4 (구서동)","6","130383","14","http://tong.visitkorea.or.kr/cms/resource/52/3336552_image2_1.jpg","129.0932140893","35.2473298892","금정문화원"
"부산광역시 강서구 생곡산단1로24번길 58","6","2764008","14","http://tong.visitkorea.or.kr/cms/resource/61/3342761_image2_1.jpg","128.8823411310","35.1331637995","부산자원순환협력센터"
"부산광역시 서구 대신공원로 34-91 (서대신동3가)","6","130200","14","http://tong.visitkorea.or.kr/cms/resource/42/2649742_image2_1.jpg","129.0185100829","35.1239756631","구덕민속예술관"
"부산광역시 중구 대청로 104","6","2784363","14","","129.0312012262","35.1026838356","부산근현대역사관 별관"
"부산광역시 부산진구 전포대로209번길 26","6","2763856","14","http://tong.visitkorea.or.kr/cms/resource/77/3343377_image2_1.jpg","129.0628997796","35.1564089608","놀이마루"
"부산광역시 영도구 해양로301번길 23","6","2019594","14","http://tong.visitkorea.or.kr/cms/resource/40/3336540_image2_1.jpg","129.0779422192","35.0802260985","해양환경공단 해양환경교육원(부산)"
"부산광역시 수영구 광안해변로 219 (광안동)","6","2786391","15","http://tong.visitkorea.or.kr/cms/resource/12/3518612_image2_1.jpeg","129.1185477876","35.1538130576","광안리 M(Marvelous) 드론 라이트쇼"
"부산광역시 해운대구 해운대해변로 280 (중동)","6","2048902","15","http://tong.visitkorea.or.kr/cms/resource/12/3576412_image2_1.jpg","129.1626049105","35.1595354549","해운대 빛축제"
"부산광역시 수영구 광안해변로 219 (광안동)","6","2702333","15","http://tong.visitkorea.or.kr/cms/resource/64/3579164_image2_1.png","129.1185477876","35.1538130576","카운트다운 부산"
"부산광역시 해운대구 수영강변대로 120 (우동)","6","3437916","15","http://tong.visitkorea.or.kr/cms/resource/78/3569778_image2_1.jpg","129.1270687971","35.1710029572","크리스마스 빌리지 부산 2025"
"부산광역시 수영구 광남로 96 (광안동, 광안 포디움프레스티지 1)","6","3422647","15","http://tong.visitkorea.or.kr/cms/resource/58/3579258_image2_1.jpg","129.1151037338","35.1504883662","게임 체험 팝업 전시 ‘Game-Playground’"
"부산광역시 해운대구 APEC로 55 (우동)","6","3345610","15","http://tong.visitkorea.or.kr/cms/resource/25/3536625_image2_1.jpg","129.1355209016","35.1687450332","부산국제아동도서전"
"부산광역시 중구 광복로 72-1 (광복동2가)","6","3576410","15","http://tong.visitkorea.or.kr/cms/resource/05/3576405_image2_1.JPG","129.0327400915","35.0986398717","광복로 겨울빛 트리축제"
"부산광역시 동래구 중앙대로 1324 (온천동)","6","3434800","15","http://tong.visitkorea.or.kr/cms/resource/72/3574272_image2_1.jpg","129.0785081817","35.2056537329","온천천 빛 축제"
"부산광역시 영도구 해양로301번길 45 (동삼동)","6","1080734","15","http://tong.visitkorea.or.kr/cms/resource/90/3561790_image2_1.jpg","129.0802726164","35.0786013237","영도다리축제"
"부산광역시 남구 유엔평화로76번길 1 (대연동)","6","3006246","15","http://tong.visitkorea.or.kr/cms/resource/43/3537143_image2_1.jpg","129.0937450823","35.1285070990","부산국제공연예술마켓"
"부산광역시 중구 용두산길 37-30 (광복동2가)","6","3559571","15","http://tong.visitkorea.or.kr/cms/resource/63/3559563_image2_1.jpg","129.0323594995","35.1011951345","부산중구반려동물축제"
"부산광역시 서구 송도해변로 100 (암남동)","6","1399532","15","http://tong.visitkorea.or.kr/cms/resource/36/3547136_image2_1.jpg","129.0180752934","35.0768587065","부산고등어축제"
"부산광역시 중구 광복로 72-1 (광복동2가)","6","3556962","15","http://tong.visitkorea.or.kr/cms/resource/44/3556944_image2_1.png","129.0327400915","35.0986398717","부산 스트릿 페스타 인 광복"
"부산광역시 수영구 민락로6번길 29 (민락동)","6","3555363","15","http://tong.visitkorea.or.kr/cms/resource/52/3555352_image2_1.png","129.1239638996","35.1568628164","옥토버페스타 인 광안리"
"부산광역시 부산진구 시민공원로 73 (범전동)","6","2868776","15","http://tong.visitkorea.or.kr/cms/resource/71/3553771_image2_1.jpg","129.0567056306","35.1652745207","2025 영호남 전통시장 박람회"
"부산광역시 중구 용미길9번길 6-45 (남포동1가)","6","3001170","15","http://tong.visitkorea.or.kr/cms/resource/08/3550808_image2_1.jpg","129.0359065412","35.0964901712","유라리 건맥축제"
"부산광역시 부산진구 시민공원로 73 (범전동)","6","3016659","15","http://tong.visitkorea.or.kr/cms/resource/47/3359047_image2_1.jpg","129.0572361352","35.1654495102","부산종합민속예술제"
"부산광역시 부산진구 전포동","6","3018117","15","http://tong.visitkorea.or.kr/cms/resource/54/3549654_image2_1.png","129.0635525258","35.1554701890","전포커피축제"
"부산광역시 금정구 남산로 27 (남산동)","6","3020552","15","http://tong.visitkorea.or.kr/cms/resource/48/3552448_image2_1.jpg","129.0893638877","35.2668415191","글로컬 문화 in(人) 남산 페스티벌"
"부산광역시 기장군 일광읍 칠암리","6","2860868","15","http://tong.visitkorea.or.kr/cms/resource/29/3553829_image2_1.JPG","129.2599953837","35.2983189421","기장붕장어축제in칠암"
"부산광역시 해운대구 수영강변대로 140 (우동)","6","2873292","15","http://tong.visitkorea.or.kr/cms/resource/04/3531704_image2_1.png","129.1256077644","35.1727527343","부산글로벌웹툰페스티벌"
"부산광역시 사상구 삼락동","6","2032436","15","http://tong.visitkorea.or.kr/cms/resource/40/3539740_image2_1.png","128.9735266606","35.1689392430","사상강변축제"
"부산광역시 금정구 장전온천천로 48 (장전동)","6","2558735","15","http://tong.visitkorea.or.kr/cms/resource/24/3534524_image2_1.jpg","129.0893371356","35.2296540211","부산국제공연예술제"
"부산광역시 해운대구 APEC로 55 (우동)","6","2856938","15","http://tong.visitkorea.or.kr/cms/resource/53/3536453_image2_1.jpg","129.1355209016","35.1687450332","부산수제맥주마스터스챌린지"
"부산광역시 해운대구 APEC로 55 (우동)","6","3370514","15","http://tong.visitkorea.or.kr/cms/resource/68/3533968_image2_1.jpg","129.1355209016","35.1687450332","페스티벌 시월"
"부산광역시 서구 송도해변로 36 (암남동)","6","3532971","15","http://tong.visitkorea.or.kr/cms/resource/55/3532955_image2_1.jpg","129.0174754570","35.0727563766","부산 서구 의료관광축제"
"부산광역시 중구 충장대로 26 (중앙동4가)","6","3351515","15","http://tong.visitkorea.or.kr/cms/resource/60/3532060_image2_1.JPG","129.0394309881","35.1055392233","중구민의 날 페스타"
"부산광역시 기장군 기장읍 동부산관광6로 59","6","2560161","15","http://tong.visitkorea.or.kr/cms/resource/93/3525493_image2_1.png","129.2127298662","35.2046368910","헬로메이커"
"부산광역시 금정구 장전로12번길 55 (장전동)","6","3528964","15","http://tong.visitkorea.or.kr/cms/resource/62/3528962_image2_1.png","129.0881150065","35.2301428332","2025 부산세일페스타 부대앞으로"
"부산광역시 사하구 몰운대1길 14 (다대동)","6","3524130","15","http://tong.visitkorea.or.kr/cms/resource/23/3524123_image2_1.jpg","128.9680471374","35.0463945293","2025 서부산 슈퍼어싱 페스티벌"
"부산광역시 북구 생태공원길 270 (화명동)","6","3356047","15","http://tong.visitkorea.or.kr/cms/resource/89/3524089_image2_1.png","129.0078550672","35.2397152762","2025 별바다부산 나이트마켓"
"부산광역시 영도구 해양로301번길 55 (동삼동)","6","3495410","15","http://tong.visitkorea.or.kr/cms/resource/09/3495409_image2_1.png","129.0819836173","35.0772042891","제2회 선원의날 한마음 걷기축제"
"부산광역시 기장군 장안읍 임랑리","6","2614130","15","http://tong.visitkorea.or.kr/cms/resource/82/3516182_image2_1.png","129.2642527829","35.3185806381","기장임랑썸머뮤직페스티벌"
"부산광역시 해운대구 수영강변대로 120 (우동)","6","3515311","15","http://tong.visitkorea.or.kr/cms/resource/10/3515310_image2_1.jpg","129.1270687971","35.1710029572","부산국제AI영화제"
"부산광역시 사하구 다대동","6","2019366","15","http://tong.visitkorea.or.kr/cms/resource/21/2553821_image2_1.jpg","128.9729408629","35.0572211857","대한민국 국제해양레저위크(KIMA WEEK)"
"부산광역시 해운대구 APEC로 55 (우동)","6","2736033","15","http://tong.visitkorea.or.kr/cms/resource/37/3510437_image2_1.jpg","129.1355209016","35.1687450332","부산인디커넥트페스티벌"
"부산광역시 사하구 다대동","6","142080","15","http://tong.visitkorea.or.kr/cms/resource/58/3504958_image2_1.jpg","128.9662222789","35.0470333131","부산바다축제"
"부산광역시 동구 조방로34번길 9","6","142861","32","http://tong.visitkorea.or.kr/cms/resource/71/3592171_image2_1.jpg","129.0623197090","35.1405246178","라메르호텔"
"부산광역시 영도구 하리해안길 10-9 비치모텔","6","2595879","32","http://tong.visitkorea.or.kr/cms/resource/64/2686464_image2_1.jpg","129.0813283358","35.0692440569","비치모텔"
"부산광역시 기장군 기장읍 기장해안로 268-32","6","2503780","32","http://tong.visitkorea.or.kr/cms/resource/21/3512521_image2_1.jpg","129.2283259162","35.1979934802","아난티 앳 부산 코브"
"부산광역시 해운대구 해운대해변로237번길 11 (우동)","6","3016434","32","http://tong.visitkorea.or.kr/cms/resource/24/3016424_image2_1.jpg","129.1575108976","35.1599464255","블루스토리 호텔"
"부산광역시 해운대구 달맞이길 30 (중동, 엘시티)","6","2925797","32","http://tong.visitkorea.or.kr/cms/resource/57/2928957_image2_1.jpg","129.1683126815","35.1619491796","엘시티 레지던스"
"부산광역시 금정구 중앙대로1805번길 16 (구서동)","6","2701011","32","http://tong.visitkorea.or.kr/cms/resource/32/2698332_image2_1.jpg","129.0923197882","35.2449384744","호텔 프렌치코드"
"부산광역시 중구 중구로 151 (영주동)","6","142852","32","http://tong.visitkorea.or.kr/cms/resource/49/2722649_image2_1.JPG","129.0353034800","35.1088165580","코모도 호텔 부산"
"부산광역시 부산진구 황령대로7번길 20-11 (범천동)","6","3083398","32","http://tong.visitkorea.or.kr/cms/resource/19/3084219_image2_1.jpg","129.0606113054","35.1485125805","브라운도트호텔 서면범천점"
"부산광역시 해운대구 송정광어골로 30 (송정동)","6","3083414","32","http://tong.visitkorea.or.kr/cms/resource/07/3083407_image2_1.jpg","129.1973402500","35.1787978313","브라운도트호텔 송정점"
"부산광역시 중구 중앙대로 114 (중앙동4가)","6","3044634","32","http://tong.visitkorea.or.kr/cms/resource/30/3054130_image2_1.jpg","129.0368450457","35.1076056112","크라운 하버 호텔 부산"
"부산광역시 기장군 기장읍 동부산관광7로 17","6","3075356","32","http://tong.visitkorea.or.kr/cms/resource/44/3075344_image2_1.JPG","129.2145134896","35.1884970648","마티에 오시리아"
"부산광역시 해운대구 구남로12번길 31 (우동)","6","3083428","32","http://tong.visitkorea.or.kr/cms/resource/18/3083418_image2_1.jpg","129.1580746892","35.1617295697","제이비디자인호텔"
"부산광역시 부산진구 서전로 39 (전포동)","6","1162526","32","http://tong.visitkorea.or.kr/cms/resource/49/3476749_image2_1.jpg","129.0640801887","35.1580060259","토요코인호텔 부산서면"
"부산광역시 기장군 정관읍 산단1로 98-31","6","3028497","32","http://tong.visitkorea.or.kr/cms/resource/82/3028482_image2_1.JPG","129.1817794758","35.3161515953","브라운도트호텔 정관점"
"부산광역시 해운대구 해운대해변로197번길 12","6","2754601","32","http://tong.visitkorea.or.kr/cms/resource/16/2754616_image2_1.jpg","129.1531418525","35.1592408683","더펫텔프리미엄스위트"
"부산광역시 동구 중앙대로236번길 7-11 (초량동)","6","2596750","32","http://tong.visitkorea.or.kr/cms/resource/55/2595455_image2_1.jpg","129.0426359082","35.1186044863","더 비에스 호텔"
"부산광역시 해운대구 해운대해변로298번길 25 (중동)","6","2705418","32","http://tong.visitkorea.or.kr/cms/resource/20/2705420_image2_1.jpg","129.1665100882","35.1609381479","해운대 영무파라드호텔"
"부산광역시 부산진구 가야대로 772 (부전동)","6","142998","32","http://tong.visitkorea.or.kr/cms/resource/02/3019302_image2_1.jpg","129.0559892441","35.1573337296","롯데호텔 부산"
"부산광역시 해운대구 해운대해변로 287 (중동)","6","2039866","32","http://tong.visitkorea.or.kr/cms/resource/09/3544809_image2_1.jpg","129.1622688032","35.1604686777","코오롱 씨클라우드 호텔"
"부산광역시 사하구 감내1로224번길 7","6","2571959","32","http://tong.visitkorea.or.kr/cms/resource/96/2571096_image2_1.jpg","129.0097699096","35.0970840680","방가방가게스트하우스(풍경집)"
"부산광역시 해운대구 송정중앙로6번길 36","6","2574073","32","http://tong.visitkorea.or.kr/cms/resource/06/2573206_image2_1.jpg","129.2005509870","35.1822391732","윙민박"
"부산광역시 동구 망양로525번길 22","6","2607423","32","","129.0285565614","35.1192013827","이바구캠프"
"부산광역시 해운대구 해운대해변로 321","6","2613988","32","","129.1653073710","35.1625407241","팝콘 호스텔 해운대점"
"부산광역시 해운대구 달맞이길 30","6","2736088","32","http://tong.visitkorea.or.kr/cms/resource/74/2736074_image2_1.png","129.1684043635","35.1611020536","시그니엘 부산"
"부산광역시 해운대구 송정중앙로6번길 126 (송정동)","6","3532572","32","","129.1981457361","35.1787728490","송정담다펜션"
"부산광역시 부산진구 서면로68번길 52 (부전동)","6","3532722","32","","129.0582835611","35.1546812913","트래블라이트"
"부산광역시 수영구 광안해변로279번길 29 (민락동, 유정)","6","3533138","32","","129.1253526663","35.1569128366","샌드스테이"
"부산광역시 사하구 다대동로 45 (다대동)","6","2706774","32","http://tong.visitkorea.or.kr/cms/resource/32/2709432_image2_1.jpg","128.9727742061","35.0573878305","오이아호텔"
"부산광역시 강서구 명지국제7로 38","6","2714406","32","http://tong.visitkorea.or.kr/cms/resource/10/2714410_image2_1.jpg","128.9052901222","35.0967044145","신라스테이 서부산"
"부산광역시 해운대구 달맞이길117번라길 100 (중동)","6","3533169","32","","129.1827197529","35.1622938525","이스턴룸"
"부산광역시 남구 고동골로 40 (문현동)","6","3533150","32","","129.0712911502","35.1405414480","행운인생"
"부산광역시 부산진구 서전로58번길 15-3 (전포동)","6","3533147","32","","129.0663189033","35.1572450414","청킹멘션부산"
"부산광역시 부산진구 전포대로209번길 43 (전포동)","6","3533143","32","","129.0628664782","35.1553201932","읽다부산"
"부산광역시 부산진구 전포대로224번길 26 (전포동)","6","3533137","32","","129.0669383150","35.1564645846","베를리너 하우스"
"부산광역시 수영구 수영로 722-1 (광안동)","6","3532715","32","","129.1183890728","35.1682225520","누스테이 부산"
"부산광역시 수영구 민락본동로 28 (민락동)","6","3532667","32","","129.1288384100","35.1592487503","민락스테이"
"부산광역시 부산진구 전포대로132번길 7 (전포동)","6","3532630","32","","129.0666302168","35.1488570979","단아"
"부산광역시 수영구 수영로594번길 7 (광안동)","6","3532608","32","","129.1138897159","35.1590373868","호두스테이"
"부산광역시 해운대구 구남로29번길 21","6","142978","32","http://tong.visitkorea.or.kr/cms/resource/37/3012137_image2_1.jpg","129.1612660580","35.1624489933","리베로호텔"
"부산광역시 동구 대영로 265","6","2892757","32","http://tong.visitkorea.or.kr/cms/resource/62/2892562_image2_1.jpg","129.0397363452","35.1118468560","노떼 라 미아 호텔"
"부산광역시 수영구 광남로 151","6","2624014","32","","129.1177867137","35.1548712584","The Park Guest House"
"부산광역시 영도구 태종로 40","6","2570213","32","http://tong.visitkorea.or.kr/cms/resource/64/2568064_image2_1.jpg","129.0365232086","35.0945070713","AJ하우스(AJ House)"
"부산광역시 해운대구 해운대해변로 292 그랜드 조선 부산","6","2818890","32","http://tong.visitkorea.or.kr/cms/resource/07/3529807_image2_1.jpg","129.1631548469","35.1601048456","그랜드 조선 부산"
"부산광역시 해운대구 센텀3로 20 (우동)","6","2663379","32","http://tong.visitkorea.or.kr/cms/resource/14/2719514_image2_1.jpg","129.1328433813","35.1678506389","해운대센텀호텔"
"부산광역시 영도구 태종로65번길 11 (대교동1가)","6","3028593","32","http://tong.visitkorea.or.kr/cms/resource/73/3028573_image2_1.JPG","129.0384647425","35.0931822552","베이하운드호텔"
"부산광역시 해운대구 해운대해변로 296","6","142853","32","http://tong.visitkorea.or.kr/cms/resource/55/3510355_image2_1.jpg","129.1641214339","35.1599409935","파라다이스 호텔 부산"
"부산광역시 부산진구 중앙대로 777","6","1428723","32","http://tong.visitkorea.or.kr/cms/resource/99/3509899_image2_1.png","129.0618719415","35.1618722189","이비스 앰배서더 부산 시티센터"
"부산광역시 수영구 광안해변로278번길 42 오션브릿지","6","2816102","32","http://tong.visitkorea.or.kr/cms/resource/61/2815961_image2_1.jpg","129.1245417048","35.1540103687","그레이193호텔"
"부산광역시 중구 흑교로 19 (부평동3가)","6","2509838","32","http://tong.visitkorea.or.kr/cms/resource/83/2808383_image2_1.png","129.0248379298","35.1012588776","지엔비호텔(GNB호텔)"
"부산광역시 기장군 기장읍 기장해안로 267-7","6","3465024","32","","129.2228402426","35.1994015538","아난티 앳 부산 빌라쥬"
"부산광역시 동구 중앙대로214번길 7-8 (초량동)","6","3464876","32","","129.0418304807","35.1165019291","아스티호텔 부산"
"부산광역시 연제구 중앙대로 1122","6","1215432","32","http://tong.visitkorea.or.kr/cms/resource/01/2640501_image2_1.jpg","129.0815722951","35.1877669046","부산 센트럴호텔"
"부산광역시 서구 송도해변로 97 (암남동)","6","3470441","32","","129.0178725220","35.0772669902","그랩 디 오션 송도"
"부산광역시 북구 만덕고개길 83 (만덕동)","6","3474164","32","","129.0482717602","35.2116802763","힐스테이호텔"
"부산광역시 사하구 낙동남로1389번길 18 (하단동)","6","3469763","32","","128.9638541757","35.1075098346","호텔 야오"
"부산광역시 동구 중앙대로296번길 6","6","2378912","32","http://tong.visitkorea.or.kr/cms/resource/39/3095139_image2_1.jpg","129.0446439572","35.1226151856","호텔포레 더 스파"
"부산광역시 사상구 사상로224번길 10 (괘법동)","6","3469691","32","","128.9839230827","35.1650732013","호텔 더반"
"부산광역시 영도구 동삼오션로 58 (동삼동)","6","3474149","32","","129.0825282207","35.0696412558","시타딘커넥트호텔 하리 부산"
"부산광역시 사상구 새벽로223번길 83 (괘법동)","6","3470765","32","","128.9795791131","35.1615179638","브라운도트 호텔 사상르네시떼"
"부산광역시 북구 낙동대로 1746-8 (구포동)","6","3470763","32","","128.9999843707","35.2090574567","본호텔"
"부산광역시 동래구 명륜로112번가길 28 (명륜동)","6","3469447","32","","129.0829994784","35.2049039000","덴바스타호텔 동래점"
"부산광역시 기장군 기장읍 연화길 64","6","3470558","32","","129.2264338273","35.2192271784","넘버25 호텔 기장 연화리점"
"부산광역시 부산진구 가야대로756번길 16 (부전동)","6","3044610","32","","129.0540422103","35.1566393270","브라운도트 호텔 서면역점 비즈니스"
"부산광역시 해운대구 해운대해변로209번가길 27","6","2811461","32","http://tong.visitkorea.or.kr/cms/resource/28/2808328_image2_1.png","129.1567804158","35.1595992286","베이몬드호텔"
"부산광역시 동구 중앙대로236번길 9 하운드호텔","6","2804372","32","http://tong.visitkorea.or.kr/cms/resource/82/2804082_image2_1.jpg","129.0427025928","35.1177518053","하운드호텔 부산역점"
"부산광역시 해운대구 해운대로 620 해운대 라뮤에뜨","6","2731553","32","http://tong.visitkorea.or.kr/cms/resource/69/2816269_image2_1.jpg","129.1584801742","35.1630016570","펠릭스바이STX"
"부산광역시 중구 구덕로 54-1","6","2708667","32","http://tong.visitkorea.or.kr/cms/resource/00/2708500_image2_1.jpg","129.0297348037","35.0984231743","호텔포레 프리미어 남포"
"부산광역시 해운대구 구남로 37","6","2708705","32","http://tong.visitkorea.or.kr/cms/resource/53/2709453_image2_1.jpg","129.1615188489","35.1611685856","라비드아틀란호텔2"
"부산광역시 수영구 광남로 151","6","2531399","32","http://tong.visitkorea.or.kr/cms/resource/59/2557359_image2_1.jpg","129.1177811592","35.1548434836","더파크 게스트하우스(The Park Guesthouse)"
"부산광역시 동구 초량중로21번길 5-2","6","2572851","32","http://tong.visitkorea.or.kr/cms/resource/58/2571658_image2_1.jpg","129.0364337920","35.1141493149","모닝듀 게스트 하우스(모닝듀)"
"부산광역시 해운대구 해운대해변로197번길 14","6","2663616","32","","129.1530057486","35.1594102909","캔버스 블랙"
"부산광역시 해운대구 해운대해변로197번길 13","6","2622984","32","","129.1526891145","35.1592353048","캔버스"
"부산광역시 수영구 남천바다로 31-1","6","2696504","32","","129.1140538711","35.1488052015","JSTAY"
"부산광역시 수영구 광안해변로370번길 9-32","6","2699563","32","","129.1343130018","35.1567852389","옐로우라이트하우스"
"부산광역시 동구 초량중로 18-1","6","2622969","32","","129.0368393230","35.1137465906","싱글싱글"
"부산광역시 중구 구덕로48번길 4","6","2696456","32","","129.0309291380","35.0986453934","브로시스 호텔"
"부산광역시 수영구 민락수변로 9","6","2699332","32","","129.1241833736","35.1550991290","더웨이브"
"부산광역시 해운대구 송정구덕포길 64","6","2610815","32","","129.1974681772","35.1729595988","그림하우스"
"부산광역시 서구 부용로 14-36","6","2569922","32","http://tong.visitkorea.or.kr/cms/resource/61/2567961_image2_1.jpg","129.0167912233","35.1080051969","La Casa del Sol (라까사델솔 게스트하우스)"
"부산광역시 강서구 신포길 13-10 (명지동)","6","2742601","38","","128.9317096042","35.1129197501","명지시장"
"부산광역시 연제구 연동로8번길 22 (연산동)","6","2788444","38","http://tong.visitkorea.or.kr/cms/resource/25/3561525_image2_1.jpg","129.0925518647","35.1888808717","연동시장"
"부산광역시 사하구 장림번영로 22 (장림동)","6","2788451","38","http://tong.visitkorea.or.kr/cms/resource/20/3561520_image2_1.jpg","128.9677684454","35.0809712112","장림골목시장"
"부산광역시 기장군 정관읍 정관6로 5-20","6","2776286","38","http://tong.visitkorea.or.kr/cms/resource/98/3561498_image2_1.jpg","129.1753910217","35.3205232079","정관신도시시장"
"부산광역시 금정구 서동로141번길 16 (서동)","6","2763981","38","http://tong.visitkorea.or.kr/cms/resource/76/3561476_image2_1.jpg","129.1024697033","35.2159085830","서동미로시장"
"부산광역시 기장군 정관로 1133 부산프리미엄아울렛","6","2532877","38","http://tong.visitkorea.or.kr/cms/resource/90/3542590_image2_1.jpg","129.2349940728","35.3238517233","신세계사이먼 부산 프리미엄 아울렛"
"부산광역시 금정구 금강로 700","6","2788830","38","http://tong.visitkorea.or.kr/cms/resource/11/3562011_image2_1.jpg","129.0893221400","35.2698995092","남산시장"
"부산광역시 금정구 부곡로 107","6","2763881","38","http://tong.visitkorea.or.kr/cms/resource/95/3561995_image2_1.jpg","129.0914815074","35.2255211909","부곡상가시장"
"부산광역시 중구 국제시장2길 5","6","1013721","38","http://tong.visitkorea.or.kr/cms/resource/33/3561933_image2_1.jpg","129.0283348915","35.0996591215","조명의거리"
"부산광역시 중구 광복로35번길 11 (신창동3가)","6","1013709","38","http://tong.visitkorea.or.kr/cms/resource/26/3561926_image2_1.jpg","129.0287931674","35.1002812830","아리랑거리"
"부산광역시 중구 국제시장2길 20-1","6","1013694","38","http://tong.visitkorea.or.kr/cms/resource/19/3561919_image2_1.jpg","129.0286987483","35.0996507962","만물의거리"
"부산광역시 중구 용미길8번길 4-1","6","986063","38","http://tong.visitkorea.or.kr/cms/resource/14/3561914_image2_1.jpg","129.0345233050","35.0973456050","남포동건어물도매시장"
"부산광역시 중구 자갈치로 42","6","132576","38","http://tong.visitkorea.or.kr/cms/resource/63/3561863_image2_1.jpg","129.0290793478","35.0968511160","신동아 수산물시장"
"부산광역시 중구 중앙대로 지하17 (중앙동6가)","6","132574","38","http://tong.visitkorea.or.kr/cms/resource/55/3561855_image2_1.jpg","129.0361453203","35.0997620313","광복 지하도상가"
"부산광역시 동구 조방로 48","6","132499","38","http://tong.visitkorea.or.kr/cms/resource/44/3561844_image2_1.jpg","129.0611336867","35.1410439821","부산 자유도매시장"
"부산광역시 동구 진시장로 24","6","132189","38","http://tong.visitkorea.or.kr/cms/resource/33/3561833_image2_1.jpg","129.0587979118","35.1361805951","부산진시장"
"부산광역시 중구 구덕로 지하 44","6","132187","38","http://tong.visitkorea.or.kr/cms/resource/25/3561825_image2_1.jpg","129.0306458464","35.0980149031","남포동 지하도상가"
"부산광역시 중구 부평1길 48","6","1878218","38","http://tong.visitkorea.or.kr/cms/resource/70/3561970_image2_1.jpg","129.0260517037","35.1015921962","부평깡통시장"
"부산광역시 사상구 농산물시장로9번길 11 (엄궁동)","6","132524","38","http://tong.visitkorea.or.kr/cms/resource/02/3071002_image2_1.JPG","128.9643091143","35.1287185796","부산 엄궁농산물도매시장"
"부산광역시 부산진구 부전로 196 (부전동)","6","3080300","38","http://tong.visitkorea.or.kr/cms/resource/95/3080295_image2_1.JPG","129.0624412844","35.1637636841","부산전자종합시장"
"부산광역시 서구 해안새벽시장길 68 (남부민동)","6","2744582","38","http://tong.visitkorea.or.kr/cms/resource/30/2744930_image2_1.jpg","129.0250186863","35.0932847737","충무동 새벽시장"
"부산광역시 수영구 광안로49번길 24 (광안동)","6","2782750","38","http://tong.visitkorea.or.kr/cms/resource/38/2794238_image2_1.jpg","129.1183532979","35.1560822443","러브이즈기빙"
"부산광역시 수영구 광안로45번길 2 (광안동, 광안비취빌리지)","6","2782747","38","http://tong.visitkorea.or.kr/cms/resource/94/2794294_image2_1.jpg","129.1173728455","35.1554211893","분홍이네"
"부산광역시 동구 중앙대로460번나길 24 (좌천동)","6","1304515","38","http://tong.visitkorea.or.kr/cms/resource/13/3552613_image2_1.jpg","129.0564925856","35.1351167823","좌천동 가구거리"
"부산광역시 기장군 기장읍 대변리 444-72","6","2796940","38","http://tong.visitkorea.or.kr/cms/resource/87/2800387_image2_1.jpg","129.2306472139","35.2241267082","대변시장"
"부산광역시 사하구 감내2로 100 (감천동)","6","3511011","38","","129.0081228329","35.0969979358","주식회사아래모래"
"부산광역시 영도구 태종로316번길 1 (청학동)","6","2790483","38","http://tong.visitkorea.or.kr/cms/resource/96/2790996_image2_1.JPG","129.0603710770","35.0966433823","청학시장"
"부산광역시 사상구 새벽로 141 (감전동)","6","2787128","38","http://tong.visitkorea.or.kr/cms/resource/28/2790928_image2_1.JPG","128.9826012838","35.1537799975","부산새벽시장"
"부산광역시 사상구 사상로285번길 8-5","6","2785611","38","http://tong.visitkorea.or.kr/cms/resource/56/2790956_image2_1.JPG","128.9821175281","35.1708003040","덕포시장"
"부산광역시 사하구 다대동로 20 (다대동)","6","2784351","38","http://tong.visitkorea.or.kr/cms/resource/60/2787660_image2_1.jpg","128.9719937791","35.0551547329","다대씨파크"
"부산광역시 동래구 석사로 26 (사직동)","6","2782794","38","http://tong.visitkorea.or.kr/cms/resource/08/2796008_image2_1.jpg","129.0626958480","35.1991375040","천연제작소"
"부산광역시 기장군 기장읍 기장해안로 147","6","1993017","38","http://tong.visitkorea.or.kr/cms/resource/51/3070551_image2_1.JPG","129.2127940917","35.1922299485","롯데프리미엄아울렛 동부산점"
"부산광역시 금정구 중앙대로 2315 (노포동)","6","2782699","38","http://tong.visitkorea.or.kr/cms/resource/74/2795674_image2_1.jpg","129.0975791779","35.2908112060","데팡스가든센터"
"부산광역시 해운대구 좌동로91번길 20 (좌동)","6","2875886","38","http://tong.visitkorea.or.kr/cms/resource/68/2875868_image2_1.JPG","129.1744979476","35.1731091558","좌동재래시장"
"부산광역시 해운대구 아랫반송로39번길 18-12 신발집","6","2875862","38","http://tong.visitkorea.or.kr/cms/resource/50/2875850_image2_1.JPG","129.1503819766","35.2240446703","반송3동골목시장"
"부산광역시 중구 국제시장2길 33","6","1013461","38","http://tong.visitkorea.or.kr/cms/resource/87/1015987_image2_1.jpg","129.0283125960","35.1024004807","아이하시 (수제젓가락공예)"
"부산광역시 수영구 수영동","6","2869279","38","http://tong.visitkorea.or.kr/cms/resource/57/2869257_image2_1.JPG","129.1174085470","35.1702389751","수영팔도시장"
"부산광역시 동구 초량로13번길 8","6","2869135","38","http://tong.visitkorea.or.kr/cms/resource/25/2869125_image2_1.JPG","129.0400611298","35.1186849857","초량시장"
"부산광역시 사하구 신평동","6","2867542","38","http://tong.visitkorea.or.kr/cms/resource/24/2867524_image2_1.JPG","128.9753647093","35.0919423443","신평종합시장"
"부산광역시 영도구 오동꽃길 43","6","2855624","38","http://tong.visitkorea.or.kr/cms/resource/45/2781045_image2_1.jpg","129.0521218937","35.0929880838","청마가옥"
"부산광역시 수영구 광안해변로15번길 77","6","1303784","38","http://tong.visitkorea.or.kr/cms/resource/58/3071058_image2_1.JPG","129.1090851202","35.1392728438","남천 해변시장"
"부산광역시 부산진구 중앙번영로20번길 34-3","6","132572","38","http://tong.visitkorea.or.kr/cms/resource/23/3070923_image2_1.JPG","129.0611197346","35.1434103837","부산 중앙시장"
"부산광역시 중구 부평2길 44","6","132550","38","http://tong.visitkorea.or.kr/cms/resource/44/3476844_image2_1.jpg","129.0265905492","35.1014505558","부평동한복거리"
"부산광역시 부산진구 중앙대로755번길 21","6","132188","38","http://tong.visitkorea.or.kr/cms/resource/04/3070904_image2_1.JPG","129.0614025211","35.1624610334","부전마켓타운"
"부산광역시 금정구 구서로 12","6","1303759","38","http://tong.visitkorea.or.kr/cms/resource/75/1982175_image2_1.jpg","129.0898032743","35.2473742654","구서오시게시장"
"부산광역시 기장군 철마면 두송길 7-31","6","1117817","38","http://tong.visitkorea.or.kr/cms/resource/24/3070624_image2_1.JPG","129.1116442329","35.3047987868","송정전통재래시장"
"부산광역시 중구 신창로4가 일원","6","132191","38","","129.0285792599","35.1016422372","국제시장"
"부산광역시 북구 구포시장2길 7 (구포동)","6","1250885","38","http://tong.visitkorea.or.kr/cms/resource/38/3081238_image2_1.JPG","129.0037896031","35.2087575605","구포시장"
"부산광역시 사상구 광장로 7","6","1303697","38","http://tong.visitkorea.or.kr/cms/resource/72/3476772_image2_1.jpg","128.9776597721","35.1638537784","부산 르네시떼"
"부산광역시 영도구 태종로113번길 39","6","1942316","38","http://tong.visitkorea.or.kr/cms/resource/73/3026273_image2_1.JPG","129.0439559432","35.0927462941","영도봉래시장"
"부산광역시 영도구 절영로49번길 73-5","6","1942298","38","http://tong.visitkorea.or.kr/cms/resource/45/3026245_image2_1.JPG","129.0422784164","35.0889216911","남항시장"
"부산광역시 해운대구 좌동순환로 473","6","1304431","38","http://tong.visitkorea.or.kr/cms/resource/95/3032195_image2_1.JPG","129.1696430809","35.1634129289","해운대 로데오거리"
"부산광역시 중구 자갈치해안로 52","6","132190","38","http://tong.visitkorea.or.kr/cms/resource/13/2941313_image2_1.bmp","129.0306042201","35.0966511661","부산 자갈치시장"
"부산광역시 해운대구 센텀남대로 35","6","1013112","38","http://tong.visitkorea.or.kr/cms/resource/53/1016353_image2_1.jpg","129.1297464005","35.1688671344","광주요"
"부산광역시 해운대구 우동1로38번길 15-1 (우동)","6","3336600","38","","129.1583856629","35.1657319056","고래서이뻐"
"부산광역시 해운대구 센텀남대로 35","6","767084","38","http://tong.visitkorea.or.kr/cms/resource/17/3026417_image2_1.JPG","129.1297408475","35.1687865886","신세계백화점 센텀시티점"
"부산광역시 영도구 남항서로 36","6","2862337","39","","129.0361429493","35.0848414795","몽작"
"부산광역시 기장군 일광면 문오성길 31","6","2775543","39","","129.2577487848","35.2829039614","탐복"
"부산광역시 강서구 공항로239번길 29","6","2855623","39","http://tong.visitkorea.or.kr/cms/resource/84/3587884_image2_1.jpg","128.9419360073","35.1307346091","온든해"
"부산광역시 부산진구 서면문화로 23-1","6","850217","39","","129.0561530695","35.1591363085","다원"
"부산광역시 금정구 금단로 123-9","6","250562","39","","129.0922249352","35.2601173263","카파도키아"
"부산광역시 중구 비프광장로 31","6","133525","39","","129.0284682315","35.0989841994","18번완당집"
"부산광역시 해운대구 마린시티3로 52","6","843489","39","http://tong.visitkorea.or.kr/cms/resource/35/3585635_image2_1.jpg","129.1449565859","35.1543912594","클라우드32"
"부산광역시 금정구 산성로 516","6","135004","39","","129.0552285771","35.2448405765","산성청송가든"
"부산광역시 부산진구 서면문화로 19","6","841730","39","http://tong.visitkorea.or.kr/cms/resource/78/3583678_image2_1.jpg","129.0566863597","35.1589974450","사미헌"
"부산광역시 중구 부평1길 48","6","2726193","39","http://tong.visitkorea.or.kr/cms/resource/61/3582861_image2_1.jpg","129.0260517037","35.1015921962","이가네떡볶이"
"부산광역시 해운대구 좌동순환로 27 (좌동)","6","2786779","39","http://tong.visitkorea.or.kr/cms/resource/66/2797566_image2_1.JPG","129.1663598827","35.1688900329","해운대 가야밀면"
"부산광역시 기장군 철마면 개좌로 763-25","6","2752996","39","http://tong.visitkorea.or.kr/cms/resource/15/2753515_image2_1.jpg","129.1487058779","35.2691645819","브라운피크닉"
"부산광역시 사하구 오작로 104-7 (괴정동)","6","2852408","39","http://tong.visitkorea.or.kr/cms/resource/06/2852406_image2_1.jpg","129.0047758093","35.1003836071","카페 만디"
"부산광역시 부산진구 중앙대로756번길 24 (부전동)","6","2773623","39","http://tong.visitkorea.or.kr/cms/resource/14/2773614_image2_1.jpg","129.0619942225","35.1593225066","야스마루"
"부산광역시 남구 황령대로319번가길 193 (대연동)","6","2891745","39","http://tong.visitkorea.or.kr/cms/resource/40/2891740_image2_1.jpg","129.0897781585","35.1504934531","듀스포레"
"부산광역시 기장군 월내2길 10-36 마포면옥","6","2872442","39","http://tong.visitkorea.or.kr/cms/resource/10/2872410_image2_1.JPG","129.2798400399","35.3284992619","마포면옥"
"부산광역시 기장군 철마면 미동길 19","6","2872395","39","http://tong.visitkorea.or.kr/cms/resource/86/2872386_image2_1.JPG","129.1706423269","35.2883350627","미동암소정"
"부산광역시 동구 초량중로 86","6","2870394","39","http://tong.visitkorea.or.kr/cms/resource/79/2870379_image2_1.JPG","129.0396278173","35.1193265729","은하갈비"
"부산광역시 남구 용호로 235","6","2869618","39","http://tong.visitkorea.or.kr/cms/resource/03/2869603_image2_1.JPG","129.1112856947","35.1112815729","합천국밥집"
"부산광역시 수영구 과정로16번길 23","6","2869343","39","http://tong.visitkorea.or.kr/cms/resource/29/2869329_image2_1.JPG","129.1099591046","35.1735190256","홍순덕 전포양곱창"
"부산광역시 부산진구 가야대로410번길 4 하이마트개금점","6","2867903","39","http://tong.visitkorea.or.kr/cms/resource/01/2867901_image2_1.JPG","129.0176038500","35.1516753219","불끈낙지"
"부산광역시 부산진구 중앙대로928번길 12","6","2867762","39","http://tong.visitkorea.or.kr/cms/resource/48/2867748_image2_1.JPG","129.0716985784","35.1723017878","늘해랑"
"부산광역시 서구 보수대로201번길 7","6","2867626","39","http://tong.visitkorea.or.kr/cms/resource/07/2867607_image2_1.JPG","129.0203018886","35.1131685724","영남냉면밀면"
"부산광역시 서구 대영로 43-2","6","2867598","39","http://tong.visitkorea.or.kr/cms/resource/90/2867590_image2_1.JPG","129.0163189960","35.1097049981","서대시장족발"
"부산광역시 해운대구 좌동로10번길 75","6","2867167","39","http://tong.visitkorea.or.kr/cms/resource/60/2867160_image2_1.JPG","129.1727315789","35.1678735982","양산국밥"
"부산광역시 해운대구 송정구덕포길 104","6","2860819","39","http://tong.visitkorea.or.kr/cms/resource/16/2860816_image2_1.jpg","129.1974932227","35.1712292375","샤브막심 송정본점"
"부산광역시 영도구 와치로 65 산새소리유치원","6","2836405","39","http://tong.visitkorea.or.kr/cms/resource/98/2836398_image2_1.jpg","129.0603019046","35.0868889171","신기숲"
"부산광역시 해운대구 달맞이길50번길 4 (중동)","6","2760773","39","http://tong.visitkorea.or.kr/cms/resource/66/2761266_image2_1.jpg","129.1700125548","35.1611742976","해운대기와집대구탕"
"부산광역시 연제구 쌍미천로 32-1 (연산동)","6","2759629","39","http://tong.visitkorea.or.kr/cms/resource/10/2759810_image2_1.jpg","129.0905190532","35.1763072423","디저트시네마"
"부산광역시 강서구 명지국제6로232번길 18 (명지동)","6","2752976","39","http://tong.visitkorea.or.kr/cms/resource/82/2753482_image2_1.jpg","128.9244745864","35.0958548619","명지첫집"
"부산광역시 강서구 낙동남로682번길 262 (녹산동)","6","2756678","39","http://tong.visitkorea.or.kr/cms/resource/96/2756896_image2_1.jpg","128.8935322897","35.1159575984","포레스트3002"
"부산광역시 수영구 연수로 410","6","2809068","39","","129.1138311412","35.1680335998","국이네 낙지볶음"
"부산광역시 수영구 수영로588번길 7 (광안동, 광안 협성엠파이어Ⅱ)","6","2861958","39","","129.1136786414","35.1583902331","부센동"
"부산광역시 수영구 수미로13번길 11","6","2807607","39","","129.1123144249","35.1746578306","대복성"
"부산광역시 수영구 민락본동로27번길 56","6","2788406","39","","129.1257164849","35.1583376838","자매국밥"
"부산광역시 부산진구 가야대로 772","6","133839","39","","129.0564308853","35.1568643460","롯데호텔부산 무궁화"
"부산광역시 해운대구 해운대해변로 163 현대베네시티아파트","6","2904908","39","http://tong.visitkorea.or.kr/cms/resource/98/2904898_image2_1.jpg","129.1497310611","35.1584047875","거대곰탕"
"부산광역시 강서구 상덕로 35-1","6","2903049","39","http://tong.visitkorea.or.kr/cms/resource/43/2903043_image2_1.JPG","128.9073095606","35.1926187056","낙동강오리알 본점"
"부산광역시 영도구 절영로 355","6","820382","39","","129.0573775733","35.0716572340","목장원"
"부산광역시 부산진구 서면문화로 4","6","850093","39","","129.0580307117","35.1581031257","급행장"
"부산광역시 동래구 명안로17번길 80","6","2807808","39","","129.1002870237","35.1990465422","카페썬번"
"부산광역시 해운대구 달맞이길 491","6","2891887","39","http://tong.visitkorea.or.kr/cms/resource/83/2891883_image2_1.jpg","129.1928600605","35.1796365432","프루터리포레스트"
"부산광역시 해운대구 청사포로 85","6","2891789","39","http://tong.visitkorea.or.kr/cms/resource/81/2891781_image2_1.jpg","129.1890108643","35.1626050452","라꽁띠"
"부산광역시 부산진구 골드테마길 2-13","6","850558","39","","129.0602976198","35.1420660746","조방본가낙지"
"부산광역시 부산진구 골드테마길 52-2","6","850932","39","","129.0602642345","35.1440852924","원조 범일동 매떡"
"부산광역시 동구 대영로243번길 29","6","851073","39","","129.0377225842","35.1135771812","장성향"
"부산광역시 사상구 사상로 214","6","1855868","39","","128.9839369933","35.1642344065","부전돼지국밥"
"부산광역시 강서구 대저중앙로 337","6","2752168","39","","128.9837354496","35.2213502237","대저할매국수"
"부산광역시 기장군 일광면 문오성길 547","6","2775556","39","","129.2592953908","35.3002520455","칠암일번지횟집"
"부산광역시 기장군 일광면 기장해안로 1303","6","2776391","39","","129.2331904364","35.2603115904","미청식당"
"부산광역시 금정구 장전온천천로 75","6","2778503","39","","129.0887065771","35.2317537744","서울깍두기"
"부산광역시 남구 신선로 458 (대연동)","6","2805377","39","","129.1009667539","35.1256714384","광명집"
"부산광역시 기장군 공수해안길 57-2","6","2808104","39","","129.2133497693","35.1860500946","송정해녀집"
"부산광역시 금정구 식물원로 27","6","2810909","39","","129.0850570958","35.2244517473","만서리 이가네 막국수"
"부산광역시 영도구 절영로 234","6","2836412","39","http://tong.visitkorea.or.kr/cms/resource/08/2836408_image2_1.jpg","129.0465200301","35.0772952921","에테르"
"부산광역시 남구 용소로21번길 71","6","2838755","39","","129.1041384067","35.1363897422","연어바치"
"부산광역시 기장군 공수2길 3-2","6","2844698","39","http://tong.visitkorea.or.kr/cms/resource/96/2844696_image2_1.jpg","129.2116665805","35.1861028359","제주항통갈치"
"부산광역시 기장군 일광로 582-44","6","2854887","39","","129.2596622276","35.2929695350","리버사이드"
"부산광역시 기장군 기장읍 반송로 1392","6","3415203","39","http://tong.visitkorea.or.kr/cms/resource/00/3415200_image2_1.jpg","129.1946773104","35.2534449764","만달리"
"부산광역시 남구 유엔평화로 35-1 (대연동)","6","2759609","39","http://tong.visitkorea.or.kr/cms/resource/76/2759676_image2_1.jpg","129.0923340030","35.1318094808","쌍둥이돼지국밥 본점"
"부산광역시 동래구 명륜로 47 (수안동)","6","2778476","39","http://tong.visitkorea.or.kr/cms/resource/65/2778665_image2_1.jpg","129.0841689993","35.1984074269","동래밀면"
"부산광역시 수영구 수영로394번길 28","6","2818714","39","","129.1086712269","35.1407282287","남천녹차팥빙수"
"부산광역시 해운대구 달맞이길 22 (중동)","6","2760771","39","http://tong.visitkorea.or.kr/cms/resource/56/2761256_image2_1.jpg","129.1672794347","35.1620685910","거대갈비"
"부산광역시 기장군 일광읍 기장해안로 1286","6","2753006","39","http://tong.visitkorea.or.kr/cms/resource/18/2753518_image2_1.jpg","129.2343181572","35.2588256667","어느멋진날"
"부산광역시 해운대구 송정해변로 16 (송정동)","6","2891868","39","http://tong.visitkorea.or.kr/cms/resource/57/2891857_image2_1.jpg","129.2043979105","35.1809477221","문토스트"
"부산광역시 해운대구 좌동로 109-17 (좌동)","6","2891849","39","http://tong.visitkorea.or.kr/cms/resource/38/2891838_image2_1.jpg","129.1767893923","35.1739368835","맛소문오리불고기"
"부산광역시 해운대구 송정광어골로 76 (송정동)","6","2891826","39","http://tong.visitkorea.or.kr/cms/resource/20/2891820_image2_1.jpg","129.1960571370","35.1748593600","맘보식당"
"부산광역시 해운대구 달맞이길62번길 28 (중동)","6","2793181","39","http://tong.visitkorea.or.kr/cms/resource/23/2794823_image2_1.jpg","129.1706181201","35.1589051184","속씨원한대구탕미포본점"
"부산광역시 해운대구 송정중앙로6번길 20 (송정동)","6","2875727","39","http://tong.visitkorea.or.kr/cms/resource/15/2875715_image2_1.JPG","129.2011009220","35.1828696674","엄마손대구탕"
"부산광역시 기장군 철마면 개좌로 763","6","2875311","39","http://tong.visitkorea.or.kr/cms/resource/96/2875296_image2_1.JPG","129.1496613718","35.2683841323","철마원조추어탕"
"부산광역시 영도구 절영로 481","6","2873468","39","http://tong.visitkorea.or.kr/cms/resource/63/2873463_image2_1.jpg","129.0688904785","35.0710436259","제주복국"
"부산광역시 사하구 다송로72번길 50 (다대동)","6","2870885","39","http://tong.visitkorea.or.kr/cms/resource/76/2870876_image2_1.jpg","128.9816844453","35.0609625943","보리에 브레드 팩토리"
"부산광역시 사하구 동매로 117 (하단동, 건우리안)","6","2870868","39","http://tong.visitkorea.or.kr/cms/resource/55/2870855_image2_1.jpg","128.9709870422","35.1018550433","동원장수촌"
"부산광역시 부산진구 전포대로275번길 65 (전포동)","6","2865435","39","http://tong.visitkorea.or.kr/cms/resource/17/2865417_image2_1.jpg","129.0638883992","35.1630776762","해신킹크랩"
"부산광역시 부산진구 초읍동","6","2865384","39","http://tong.visitkorea.or.kr/cms/resource/71/2865371_image2_1.jpg","129.0492419275","35.1822280386","아시오"
"부산광역시 해운대구 마린시티3로 46 (우동, 우신골든메르시아)","6","2861291","39","http://tong.visitkorea.or.kr/cms/resource/90/2861290_image2_1.jpg","129.1453481989","35.1551411828","사마정"
"부산광역시 해운대구 청사포로 151 (중동)","6","2858955","39","http://tong.visitkorea.or.kr/cms/resource/44/2858944_image2_1.jpg","129.1940076674","35.1620496446","하진이네"
"부산광역시 해운대구 우동1로38번가길 15 (우동)","6","2858974","39","http://tong.visitkorea.or.kr/cms/resource/63/2858963_image2_1.jpg","129.1584217967","35.1648042324","타이가텐푸라"
"부산광역시 동구 조방로42번길 12 (범일동)","6","2853231","39","http://tong.visitkorea.or.kr/cms/resource/27/2853227_image2_1.jpg","129.0620308373","35.1408051364","조방제일한우"
"부산광역시 기장군 정관읍 구연3로 17","6","2853131","39","http://tong.visitkorea.or.kr/cms/resource/21/2853121_image2_1.jpg","129.1815710140","35.3214426643","부산조개창고"
"부산광역시 기장군 구연로 18-8","6","2853079","39","http://tong.visitkorea.or.kr/cms/resource/67/2853067_image2_1.jpg","129.1810766062","35.3216704073","만선해물탕"
"부산광역시 동구 중앙대로296번길 3-5","6","2870666","39","http://tong.visitkorea.or.kr/cms/resource/58/2870658_image2_1.jpg","129.0446772693","35.1233151080","1950 태성당"
"부산광역시 해운대구 마린시티1로 155 (우동, 해운대현대하이페리온)","6","2869936","39","http://tong.visitkorea.or.kr/cms/resource/20/2869920_image2_1.jpg","129.1483062168","35.1572465574","우봉"
"부산광역시 해운대구 달맞이길62번길 78 (중동)","6","2869896","39","http://tong.visitkorea.or.kr/cms/resource/82/2869882_image2_1.jpg","129.1751650147","35.1564554770","엣지993"
"부산광역시 영도구 일산봉로39번길 14 (청학동)","6","2869875","39","http://tong.visitkorea.or.kr/cms/resource/70/2869870_image2_1.jpg","129.0647515407","35.0860390940","화복반점"
"부산광역시 북구 기찰로 7 (덕천동)","6","2869439","39","http://tong.visitkorea.or.kr/cms/resource/30/2869430_image2_1.jpg","129.0059921082","35.2117128258","신라농원"
"부산광역시 동구 중앙대로209번길 12 (초량동)","6","2869405","39","http://tong.visitkorea.or.kr/cms/resource/88/2869388_image2_1.jpg","129.0393473684","35.1163102386","영동밀면&돼지국밥"
"부산광역시 동구 범일로102번길 16-20 (범일동)","6","2869158","39","http://tong.visitkorea.or.kr/cms/resource/32/2869132_image2_1.jpg","129.0610587668","35.1383498379","감포참가자미"
"부산광역시 기장군 일광읍 기장대로 868-34","6","2869129","39","http://tong.visitkorea.or.kr/cms/resource/15/2869115_image2_1.jpg","129.2322429307","35.2735239812","로아누"
"부산광역시 수영구 수영로464번길 9 (남천동)","6","2868507","39","http://tong.visitkorea.or.kr/cms/resource/99/2868499_image2_1.jpg","129.1109430695","35.1473775262","남천다옴"
"부산광역시 기장군 철마면 개좌로 763-25","6","2865941","39","http://tong.visitkorea.or.kr/cms/resource/16/2865916_image2_1.jpg","129.1487003269","35.2690173764","밤나무집"
"부산광역시 동래구 충렬대로285번길 31 (칠산동)","6","2852602","39","http://tong.visitkorea.or.kr/cms/resource/93/2852593_image2_1.jpg","129.0908960978","35.2018349452","태백관"
"부산광역시 남구 유엔로 187 (대연동)","6","2852312","39","http://tong.visitkorea.or.kr/cms/resource/08/2852308_image2_1.jpg","129.0968253177","35.1304208304","덕산명가 참소국밥"
"부산광역시 기장군 철마면 석길길 16-6","6","2852301","39","http://tong.visitkorea.or.kr/cms/resource/97/2852297_image2_1.jpg","129.1649012311","35.2857713545","형제가든"
"부산광역시 기장군 정관읍 병산2로 54-23","6","2852277","39","http://tong.visitkorea.or.kr/cms/resource/69/2852269_image2_1.jpg","129.1938108439","35.3492314413","하늘아래 첫 집"
"부산광역시 기장군 철마면 난들길 8","6","2852238","39","http://tong.visitkorea.or.kr/cms/resource/30/2852230_image2_1.jpg","129.1626601676","35.2709896369","철마대가한우직판장"
"부산광역시 기장군 일광읍 일광로 645","6","2848952","39","http://tong.visitkorea.or.kr/cms/resource/63/2848663_image2_1.jpg","129.2580316277","35.2996881955","일광정"
"부산광역시 기장군 일광읍 화용길 53-33","6","2847910","39","http://tong.visitkorea.or.kr/cms/resource/99/2847899_image2_1.jpg","129.2287846943","35.2809008672","메밀447"
"부산광역시 기장군 일광읍 학리등대로 45","6","2847877","39","http://tong.visitkorea.or.kr/cms/resource/70/2847870_image2_1.jpg","129.2441089449","35.2598118501","일광 카페 숲"
"부산광역시 기장군 일광읍 문오성길 162-1","6","2845149","39","http://tong.visitkorea.or.kr/cms/resource/47/2845147_image2_1.jpg","129.2582291988","35.2864924566","아데초이"
"부산광역시 기장군 일광읍 일광로 350","6","2845069","39","http://tong.visitkorea.or.kr/cms/resource/60/2845060_image2_1.jpg","129.2545020936","35.2739382385","마레레스토랑"
"부산광역시 기장군 기장읍 기장해안로 62","6","2845041","39","http://tong.visitkorea.or.kr/cms/resource/33/2845033_image2_1.jpg","129.2111305513","35.1848168585","더바베큐051"
"부산광역시 기장군 기장해안로 560-5 이화장여관","6","2845027","39","http://tong.visitkorea.or.kr/cms/resource/18/2845018_image2_1.jpg","129.2269447707","35.2236905771","이화장횟집"
"부산광역시 기장군 차성로 327-2 가마솥생복집","6","2845011","39","http://tong.visitkorea.or.kr/cms/resource/05/2845005_image2_1.jpg","129.2134452993","35.2470210453","가마솥생복집"
"부산광역시 기장군 일광읍 문오성길 43","6","2844748","39","http://tong.visitkorea.or.kr/cms/resource/40/2844740_image2_1.jpg","129.2583070724","35.2827845407","포에버얌 부산기장점"
"부산광역시 기장군 일광읍 일광로 125-1","6","2844677","39","http://tong.visitkorea.or.kr/cms/resource/74/2844674_image2_1.jpg","129.2352761915","35.2666137010","일광당"
"부산광역시 기장군 기장읍 기장해안로 607","6","2844687","39","http://tong.visitkorea.or.kr/cms/resource/84/2844684_image2_1.jpg","129.2306388629","35.2248044098","장군멸치회촌"
"부산광역시 기장군 기장읍 연화1길 65","6","2844643","39","http://tong.visitkorea.or.kr/cms/resource/41/2844641_image2_1.jpg","129.2236758504","35.2150026005","진품물회"
"부산광역시 기장군 일광읍 일광로 582-22","6","2844638","39","http://tong.visitkorea.or.kr/cms/resource/32/2844632_image2_1.jpg","129.2600871700","35.2937000169","어보"
"부산광역시 기장군 기장읍 기장해안로 860","6","2844259","39","http://tong.visitkorea.or.kr/cms/resource/55/2844255_image2_1.jpg","129.2439041795","35.2318955293","오프오"
"부산광역시 기장군 기장읍 대변로 105","6","2841524","39","http://tong.visitkorea.or.kr/cms/resource/09/2841509_image2_1.jpg","129.2241254387","35.2284788768","향유정 속초이모네찜"
"부산광역시 동구 중앙대로349번길 14 (수정동)","6","2838907","39","http://tong.visitkorea.or.kr/cms/resource/97/2838897_image2_1.jpg","129.0462742511","35.1270313878","고관함박"
"부산광역시 서구 암남공원로 177 (암남동)","6","2838418","39","http://tong.visitkorea.or.kr/cms/resource/04/2838404_image2_1.jpg","129.0194644343","35.0631547097","이엘 16.52 (EL16.52)"
"부산광역시 서구 보수대로 53 (토성동1가)","6","2838382","39","http://tong.visitkorea.or.kr/cms/resource/72/2838372_image2_1.jpg","129.0225825782","35.1009644253","신창국밥 본점"
"부산광역시 동구 대영로243번길 62 (초량동)","6","2832671","39","http://tong.visitkorea.or.kr/cms/resource/67/2832667_image2_1.jpg","129.0387363501","35.1148492791","신발원"
"부산광역시 기장군 기장읍 내리길 146-5","6","2787137","39","http://tong.visitkorea.or.kr/cms/resource/79/2791979_image2_1.jpg","129.1996889809","35.2174185508","하녹"
"부산광역시 해운대구 신반송로182번길 2-15 (반송동)","6","2787408","39","http://tong.visitkorea.or.kr/cms/resource/53/2792153_image2_1.jpg","129.1608948106","35.2291387386","반송187"
"부산광역시 해운대구 구남로24번길 8 (우동)","6","2786766","39","http://tong.visitkorea.or.kr/cms/resource/45/2797545_image2_1.JPG","129.1596828783","35.1618601408","해목"
"부산광역시 해운대구 재반로 70 (재송동)","6","2786742","39","http://tong.visitkorea.or.kr/cms/resource/14/2797514_image2_1.JPG","129.1263962484","35.1850013767","양산왕돼지국밥"
"부산광역시 기장군 기장읍 연화1길 169","6","2785970","39","http://tong.visitkorea.or.kr/cms/resource/62/2800462_image2_1.jpg","129.2274337734","35.2180162214","장씨해녀집"
"부산광역시 해운대구 송정광어골로 59 (송정동)","6","2785965","39","http://tong.visitkorea.or.kr/cms/resource/49/2800449_image2_1.JPG","129.1963681835","35.1762119923","송정집"
"부산광역시 동구 중앙대로 225 (초량동)","6","2785956","39","http://tong.visitkorea.or.kr/cms/resource/24/2800524_image2_1.jpg","129.0406944453","35.1173462584","초량밀면"
"부산광역시 사상구 낙동대로1518번길 27 (삼락동)","6","2785277","39","http://tong.visitkorea.or.kr/cms/resource/93/2790693_image2_1.JPG","128.9855943821","35.1935311540","사천게장집"
"부산광역시 사하구 괴정로 34 (하단동)","6","2785276","39","http://tong.visitkorea.or.kr/cms/resource/01/2798101_image2_1.JPG","128.9678872863","35.1027993255","하기연진주냉면"
"부산광역시 해운대구 송정광어골로 29 (송정동)","6","2785275","39","http://tong.visitkorea.or.kr/cms/resource/03/2797503_image2_1.JPG","129.1979263154","35.1786034198","다솥맛집"
"부산광역시 기장군 기장읍 연화길 33-8","6","2785272","39","http://tong.visitkorea.or.kr/cms/resource/82/2785282_image2_1.jpg","129.2245979306","35.2172384782","고향연화"
"부산광역시 사하구 하신중앙로 289 (하단동)","6","2785270","39","http://tong.visitkorea.or.kr/cms/resource/55/2790955_image2_1.JPG","128.9624793993","35.1036769053","복성반점"
"부산광역시 사상구 대동로 224 (학장동)","6","2785267","39","http://tong.visitkorea.or.kr/cms/resource/90/2785290_image2_1.jpg","128.9851956764","35.1473946491","클래식캠퍼"
"부산광역시 사하구 하신번영로157번길 39 (신평동)","6","2785266","39","http://tong.visitkorea.or.kr/cms/resource/72/2790972_image2_1.JPG","128.9578911000","35.0966720498","영진돼지국밥"
"부산광역시 기장군 기장읍 기장해안로 615","6","2784325","39","http://tong.visitkorea.or.kr/cms/resource/98/2787498_image2_1.jpg","129.2309055339","35.2238017494","용암할매횟집"
"부산광역시 동래구 명륜로94번길 37 (명륜동)","6","2784320","39","http://tong.visitkorea.or.kr/cms/resource/25/2787525_image2_1.jpg","129.0839355318","35.2040345702","소문난원조조방낙지본점"
"부산광역시 수영구 광안로49번길 32-1 (광안동)","6","2783646","39","http://tong.visitkorea.or.kr/cms/resource/15/2795715_image2_1.jpg","129.1186060430","35.1564683169","러브얼스"
"부산광역시 수영구 망미번영로70번길 16 (수영동)","6","2783360","39","http://tong.visitkorea.or.kr/cms/resource/27/2795627_image2_1.jpg","129.1110173659","35.1727996812","꽃피는 4월 밀익는 5월"
"부산광역시 수영구 좌수영로 161-10 (망미동)","6","2782628","39","http://tong.visitkorea.or.kr/cms/resource/53/2800253_image2_1.jpg","129.1167972647","35.1784130482","그린노마드"
"부산광역시 해운대구 송정광어골로 87 (송정동)","6","2777936","39","http://tong.visitkorea.or.kr/cms/resource/34/2794834_image2_1.jpg","129.1967043326","35.1737594951","어밤부"
"부산광역시 해운대구 마린시티3로 51 (우동)","6","2875783","39","http://tong.visitkorea.or.kr/cms/resource/67/2875767_image2_1.JPG","129.1457342977","35.1543607218","이레옥"
"부산광역시 해운대구 해운대해변로209번가길 13 (우동)","6","2875744","39","http://tong.visitkorea.or.kr/cms/resource/36/2875736_image2_1.JPG","129.1554444083","35.1600435987","영남돼지"
"부산광역시 강서구 범방4로 32 이프리오","6","2832723","39","http://tong.visitkorea.or.kr/cms/resource/22/2832722_image2_1.jpg","128.8857738308","35.1454874813","이프리오"
"부산광역시 중구 광복중앙로 31 (신창동1가, 중앙아파트)","6","2836450","39","http://tong.visitkorea.or.kr/cms/resource/38/2836438_image2_1.jpg","129.0306068486","35.1021394414","이재모피자 본점"
"부산광역시 동래구 삼성대길 40","6","2670566","39","http://tong.visitkorea.or.kr/cms/resource/91/2668991_image2_1.jpg","129.0819690166","35.2047566751","스시몬"
"부산광역시 해운대구 좌동로 111","6","1826034","39","","129.1768644000","35.1734230535","아델라7"
"부산광역시 남구 분포로 145 (용호동, 더블유)","6","3444416","39","http://tong.visitkorea.or.kr/cms/resource/23/3444423_image2_1.JPG","129.1125849531","35.1342484706","나막집"
"부산광역시 해운대구 우동1로20번가길 31 (우동)","6","3443614","39","http://tong.visitkorea.or.kr/cms/resource/89/3443589_image2_1.jpeg","129.1583939802","35.1662790660","원시학"
"부산광역시 동래구 명륜로98번길 42","6","2670518","39","http://tong.visitkorea.or.kr/cms/resource/93/2668993_image2_1.jpg","129.0857576472","35.2021625913","동래원조산곰장어"
"부산광역시 기장군 기장읍 연화1길 215","6","2608459","39","http://tong.visitkorea.or.kr/cms/resource/93/2608593_image2_1.JPG","129.2268671131","35.2195993671","죽도횟집"
"부산광역시 부산진구 동평로44번길 55","6","2670611","39","http://tong.visitkorea.or.kr/cms/resource/97/2670697_image2_1.jpg","129.0361630060","35.1641103825","청와정"
"부산광역시 기장군 병산로 117","6","2853145","39","http://tong.visitkorea.or.kr/cms/resource/40/2853140_image2_1.jpg","129.1778263576","35.3408376410","브레이크인커피"
"부산광역시 중구 자갈치해안로 55","6","133313","39","","129.0311458269","35.0971289007","부산명물횟집"
"부산광역시 연제구 중앙대로1056번길 13 (연산동)","6","3452014","39","http://tong.visitkorea.or.kr/cms/resource/97/3451897_image2_1.jpg","129.0796892677","35.1825730073","부산 카페 라운지"
"부산광역시 동구 영초윗길 22-1 (초량동)","6","2807379","39","http://tong.visitkorea.or.kr/cms/resource/85/2823385_image2_1.jpg","129.0349977245","35.1171184012","명란브랜드연구소"
"부산광역시 부산진구 중앙대로 672 (부전동)","6","3442923","39","http://tong.visitkorea.or.kr/cms/resource/54/3442954_image2_1.jpg","129.0596334885","35.1530453881","솥이랑 서면점"
"부산광역시 기장군 기장읍 동암해안길 77","6","2781799","39","http://tong.visitkorea.or.kr/cms/resource/28/2782128_image2_1.jpg","129.2278093383","35.1963992053","덕미"
"부산광역시 금정구 금강로 418 (구서동)","6","2869196","39","http://tong.visitkorea.or.kr/cms/resource/89/2869189_image2_1.jpg","129.0886117820","35.2447995324","마파람해물찜해물탕 구서본점"
"부산광역시 강서구 신호산단1로72번길 54 (신호동)","6","2841029","39","http://tong.visitkorea.or.kr/cms/resource/24/2841024_image2_1.jpg","128.8719628713","35.0817943628","이지요 더파크"
"부산광역시 강서구 르노삼성대로 630 (명지동)","6","2832717","39","http://tong.visitkorea.or.kr/cms/resource/15/2832715_image2_1.jpg","128.9291850713","35.1038096127","어라우즈로스터리"
"부산광역시 강서구 범방3로46번길 21 (범방동)","6","2786008","39","http://tong.visitkorea.or.kr/cms/resource/23/2792523_image2_1.jpg","128.8818019274","35.1464817420","다온나루"
"부산광역시 강서구 식만로 122 (식만동)","6","2781598","39","http://tong.visitkorea.or.kr/cms/resource/37/2781837_image2_1.jpg","128.9066203876","35.2052506098","앙로고택"
"부산광역시 강서구 녹산화전로 283 (녹산동)","6","2872626","39","http://tong.visitkorea.or.kr/cms/resource/15/2872615_image2_1.JPG","128.8722536946","35.1120076519","강호중마라도물회"
"부산광역시 강서구 명지국제6로220번길 19 (명지동)","6","2872590","39","http://tong.visitkorea.or.kr/cms/resource/87/2872587_image2_1.JPG","128.9241107421","35.0953632435","광복경양식"
"부산광역시 강서구 신호산단1로98번길 91 (신호동)","6","2872574","39","http://tong.visitkorea.or.kr/cms/resource/60/2872560_image2_1.JPG","128.8762264158","35.0808278824","박가네순두부"
"부산광역시 강서구 르노삼성대로 602 (명지동)","6","2872553","39","http://tong.visitkorea.or.kr/cms/resource/45/2872545_image2_1.JPG","128.9286018554","35.1013709857","선창갈미조개"
"부산광역시 강서구 신호산단4로64번길 8 (신호동)","6","2872534","39","http://tong.visitkorea.or.kr/cms/resource/20/2872520_image2_1.JPG","128.8796759994","35.0850996898","시즌 조개구이"
"부산광역시 강서구 낙동남로 749 (녹산동)","6","2872496","39","http://tong.visitkorea.or.kr/cms/resource/90/2872490_image2_1.JPG","128.8965596542","35.1214875904","장룡수산 본점"
"부산광역시 강서구 공항로447번길 6 (대저2동)","6","2872517","39","http://tong.visitkorea.or.kr/cms/resource/10/2872510_image2_1.JPG","128.9517374613","35.1480245190","자갈치왕짬뽕"
"부산광역시 해운대구 좌동로91번길 28 (좌동)","6","2875819","39","http://tong.visitkorea.or.kr/cms/resource/17/2875817_image2_1.JPG","129.1742979566","35.1734396708","하가원 해운대점"
"부산광역시 해운대구 반송로571번길 5","6","2875761","39","http://tong.visitkorea.or.kr/cms/resource/54/2875754_image2_1.JPG","129.1251370789","35.2194058333","원조석대추어탕"
"부산광역시 기장군 기장읍 연화2길 30-1","6","2875364","39","http://tong.visitkorea.or.kr/cms/resource/53/2875353_image2_1.JPG","129.2268504654","35.2189494395","해녀할매집"
"부산광역시 기장군 기장읍 기장해안로 509","6","2875345","39","http://tong.visitkorea.or.kr/cms/resource/38/2875338_image2_1.JPG","129.2251589263","35.2196576619","카페공지"
"부산광역시 기장군 일광읍 학리등대로 74","6","2872634","39","http://tong.visitkorea.or.kr/cms/resource/23/2872623_image2_1.JPG","129.2453172303","35.2577315502","일광수산횟집"
"부산광역시 강서구 르노삼성대로 602 (명지동)","6","2872611","39","http://tong.visitkorea.or.kr/cms/resource/03/2872603_image2_1.JPG","128.9286018554","35.1013709857","만호갈미샤브샤브"
"부산광역시 기장군 일광읍 문오성길 501-3","6","2872610","39","http://tong.visitkorea.or.kr/cms/resource/95/2872595_image2_1.JPG","129.2594398781","35.2982606042","월화횟집"
"부산광역시 기장군 철마면 곰내길 115","6","2872583","39","http://tong.visitkorea.or.kr/cms/resource/73/2872573_image2_1.JPG","129.1561242760","35.2836519843","우남정"
"부산광역시 기장군 기장읍 기장해안로 895","6","2872474","39","http://tong.visitkorea.or.kr/cms/resource/72/2872472_image2_1.JPG","129.2435319086","35.2348590788","기장끝집 죽성본점"
"부산광역시 기장군 일광읍 문오성길 56","6","2872353","39","http://tong.visitkorea.or.kr/cms/resource/45/2872345_image2_1.JPG","129.2593180968","35.2827317870","엠아이알오"
"부산광역시 기장군 기장읍 연화1길 210","6","2872271","39","http://tong.visitkorea.or.kr/cms/resource/67/2872267_image2_1.JPG","129.2273615202","35.2193827342","해녀천지할매집"
"부산광역시 기장군 기장읍 기장해안로 880","6","2872258","39","http://tong.visitkorea.or.kr/cms/resource/57/2872257_image2_1.JPG","129.2446679494","35.2337953308","채플린"
"부산광역시 사상구 학감대로 2 (학장동)","6","2870841","39","http://tong.visitkorea.or.kr/cms/resource/19/2870819_image2_1.jpg","128.9980004677","35.1345574344","우디브룩"
"부산광역시 동래구 차밭골로 37 (온천동)","6","2870800","39","http://tong.visitkorea.or.kr/cms/resource/92/2870792_image2_1.jpg","129.0774746236","35.2171413152","303화덕 동래온천장점"
"부산광역시 동구 조방로 14 (범일동)","6","2870780","39","http://tong.visitkorea.or.kr/cms/resource/67/2870767_image2_1.jpg","129.0634807673","35.1387665027","클레이디뷔페 돌잔치"
"부산광역시 부산진구 백양대로136번길 51","6","574250","39","http://tong.visitkorea.or.kr/cms/resource/82/1982682_image2_1.jpg","129.0337549338","35.1622327711","남성관"
"부산광역시 해운대구 해운대해변로209번나길 64 (우동)","6","2860851","39","http://tong.visitkorea.or.kr/cms/resource/50/2860850_image2_1.jpg","129.1571359371","35.1597103343","싱싱뽈락회 해운대본점"
"부산광역시 기장군 기장읍 연화1길 67","6","2759611","39","http://tong.visitkorea.or.kr/cms/resource/64/2759664_image2_1.jpg","129.2236480700","35.2152025780","해풍가마솥"
"부산광역시 금정구 산성로 520","6","2616370","39","http://tong.visitkorea.or.kr/cms/resource/10/2616410_image2_1.jpg","129.0553257981","35.2445794969","금정산성 창녕집"
"부산광역시 해운대구 해운대해변로298번길 29","6","1310148","39","","129.1668989422","35.1609798175","예이제 한정식"
"부산광역시 동구 망양로533번길 8 (초량동)","6","2870751","39","http://tong.visitkorea.or.kr/cms/resource/46/2870746_image2_1.jpg","129.0297258951","35.1195208123","초량845"
"부산광역시 동구 초량중로 135 (수정동)","6","2870703","39","http://tong.visitkorea.or.kr/cms/resource/96/2870696_image2_1.jpg","129.0415747569","35.1234594789","초량온당"
"부산광역시 동구 중앙대로236번길 7-5 (초량동)","6","2870354","39","http://tong.visitkorea.or.kr/cms/resource/26/2870326_image2_1.JPG","129.0423831660","35.1181073148","스완양분식"
"부산광역시 남구 유엔평화로 110 (대연동)","6","2870277","39","http://tong.visitkorea.or.kr/cms/resource/73/2870273_image2_1.JPG","129.0954366632","35.1262657140","공원칼국수"
"부산광역시 동래구 온천장로 91-1 (온천동)","6","2869595","39","http://tong.visitkorea.or.kr/cms/resource/80/2869580_image2_1.JPG","129.0829796339","35.2195328159","미미루"
"부산광역시 수영구 무학로 6 (광안동)","6","2869572","39","http://tong.visitkorea.or.kr/cms/resource/56/2869556_image2_1.JPG","129.1144673681","35.1617870895","수영 돼지국밥"
"부산광역시 동래구 금강로73번길 12 (온천동)","6","2869532","39","http://tong.visitkorea.or.kr/cms/resource/18/2869518_image2_1.JPG","129.0773274366","35.2162997405","타이빈"
"부산광역시 영도구 청학동로 12 (청학동)","6","2869454","39","http://tong.visitkorea.or.kr/cms/resource/45/2869445_image2_1.jpg","129.0615711795","35.0890581423","그라치에"
"부산광역시 수영구 광서로10번길 68 (광안동)","6","2869323","39","http://tong.visitkorea.or.kr/cms/resource/95/2869295_image2_1.JPG","129.1141255813","35.1672309176","우성삼계탕"
"부산광역시 강서구 가락대로 1354 (봉림동)","6","2869249","39","http://tong.visitkorea.or.kr/cms/resource/06/2869206_image2_1.jpg","128.9029434656","35.1856110779","푸디1354"
"부산광역시 부산진구 가야공원로 83-12 (가야동)","6","2869241","39","http://tong.visitkorea.or.kr/cms/resource/33/2869233_image2_1.JPG","129.0290835698","35.1457178671","공원집"
"부산광역시 영도구 태종로750번길 46 (동삼동)","6","2869186","39","http://tong.visitkorea.or.kr/cms/resource/78/2869178_image2_1.jpg","129.0782008306","35.0692134470","토로"
"부산광역시 동래구 충렬대로249번길 61 (복천동)","6","2869183","39","http://tong.visitkorea.or.kr/cms/resource/69/2869169_image2_1.JPG","129.0867797268","35.2041012820","신가네 호떡 김밥 떡볶이"
"부산광역시 기장군 일광읍 일광로 326","6","2869159","39","http://tong.visitkorea.or.kr/cms/resource/44/2869144_image2_1.jpg","129.2529272719","35.2724494870","디원카페"
"부산광역시 동래구 동래로116번길 39 (복천동)","6","2869113","39","http://tong.visitkorea.or.kr/cms/resource/07/2869107_image2_1.JPG","129.0847770907","35.2052983330","배종관동래삼계탕"
"부산광역시 수영구 좌수영로 129-1 (망미동)","6","2868912","39","http://tong.visitkorea.or.kr/cms/resource/03/2868903_image2_1.jpg","129.1180638945","35.1757494815","엘올리브"
"부산광역시 수영구 민락수변로239번길 4 (민락동)","6","2868824","39","http://tong.visitkorea.or.kr/cms/resource/40/2868740_image2_1.jpg","129.1287021896","35.1636843621","비스포레"
"부산광역시 수영구 광남로94번길 2 (광안동, 광일)","6","2868655","39","http://tong.visitkorea.or.kr/cms/resource/30/2868630_image2_1.jpg","129.1146787801","35.1501467300","바로해장"
"부산광역시 수영구 구락로 36 (수영동)","6","2868609","39","http://tong.visitkorea.or.kr/cms/resource/71/2868571_image2_1.jpg","129.1200610561","35.1716333124","리오네"
"부산광역시 중구 보수대로 106 (보수동3가)","6","2867734","39","http://tong.visitkorea.or.kr/cms/resource/29/2867729_image2_1.JPG","129.0215936568","35.1053166975","한우뭉치"
"부산광역시 중구 충장대로5번길 32-1 (중앙동4가)","6","2867715","39","http://tong.visitkorea.or.kr/cms/resource/02/2867702_image2_1.JPG","129.0374533120","35.1081305635","만석미역 본점"
"부산광역시 연제구 과정로 121 (연산동)","6","2867674","39","http://tong.visitkorea.or.kr/cms/resource/70/2867670_image2_1.JPG","129.1069341252","35.1823596461","연산낙지해물탕"
"부산광역시 서구 구덕로238번길 6 (부용동1가)","6","2867662","39","http://tong.visitkorea.or.kr/cms/resource/35/2867635_image2_1.JPG","129.0204854066","35.1058055113","원조18번완당"
"부산광역시 남구 유엔로 221 (대연동)","6","2867215","39","http://tong.visitkorea.or.kr/cms/resource/07/2867207_image2_1.JPG","129.1005555434","35.1306125441","거창맷돌순두부"
"부산광역시 부산진구 새싹로 22-1 (부전동)","6","2865975","39","http://tong.visitkorea.or.kr/cms/resource/50/2865950_image2_1.jpg","129.0577306889","35.1599112511","스페이스앤무드"
"부산광역시 부산진구 성지로 101 (초읍동)","6","2865403","39","http://tong.visitkorea.or.kr/cms/resource/88/2865388_image2_1.jpg","129.0523750701","35.1792367648","초함"
"부산광역시 부산진구 전포대로246번길 6 (전포동, 동양팰리스)","6","2865236","39","http://tong.visitkorea.or.kr/cms/resource/31/2865231_image2_1.jpg","129.0658105816","35.1584310105","희와제과"
"부산광역시 해운대구 달맞이길117번가길 120-30 (중동)","6","2860839","39","http://tong.visitkorea.or.kr/cms/resource/37/2860837_image2_1.jpg","129.1816866465","35.1573082804","스노잉클라우드"
"부산광역시 해운대구 달맞이길117번길 17-11 (중동)","6","2860829","39","http://tong.visitkorea.or.kr/cms/resource/26/2860826_image2_1.jpg","129.1750177459","35.1586246757","솔내음한정식"
"부산광역시 해운대구 구남로24번길 20 (우동)","6","2860782","39","http://tong.visitkorea.or.kr/cms/resource/67/2860767_image2_1.jpg","129.1592634811","35.1614851749","오반장"
"부산광역시 해운대구 대천로106번길 26-10 (좌동)","6","2860755","39","http://tong.visitkorea.or.kr/cms/resource/43/2860743_image2_1.jpg","129.1750867729","35.1735868911","영남식육식당"
"부산광역시 해운대구 달맞이길117번가길 85 (중동)","6","2859188","39","http://tong.visitkorea.or.kr/cms/resource/85/2859185_image2_1.jpg","129.1787924398","35.1578276130","키친동백"
"부산광역시 해운대구 송정광어골로 73 (송정동)","6","2859132","39","http://tong.visitkorea.or.kr/cms/resource/00/2859100_image2_1.jpg","129.1965348672","35.1750510142","흑송 우동소바 송정본점"
"부산광역시 해운대구 우동1로 57 (우동)","6","2859101","39","http://tong.visitkorea.or.kr/cms/resource/85/2859085_image2_1.jpg","129.1574801581","35.1667289995","나가하마만게츠"
"부산광역시 동래구 차밭골로 36-4 (온천동)","6","2853243","39","http://tong.visitkorea.or.kr/cms/resource/41/2853241_image2_1.jpg","129.0777662684","35.2170080024","303일상"
"부산광역시 기장군 장안읍 상장안1길 29-4","6","2853060","39","http://tong.visitkorea.or.kr/cms/resource/42/2853042_image2_1.jpg","129.2434503873","35.3699411554","카페 도토리 로스터스"
"부산광역시 기장군 정관읍 병산1길 74-18","6","2853031","39","http://tong.visitkorea.or.kr/cms/resource/21/2853021_image2_1.jpg","129.1928416577","35.3429543502","황토마루"
"부산광역시 동래구 충렬대로256번길 32 (수안동)","6","2852696","39","http://tong.visitkorea.or.kr/cms/resource/89/2852689_image2_1.jpg","129.0867104050","35.1998517568","수안커피컴퍼니 커피하우스"
"부산광역시 동래구 온천천로453번길 23-2 (안락동)","6","2852620","39","http://tong.visitkorea.or.kr/cms/resource/13/2852613_image2_1.jpg","129.1030314079","35.1925334341","코모도테이블"
"부산광역시 서구 까치고개로197번길 3 (아미동2가)","6","2852419","39","http://tong.visitkorea.or.kr/cms/resource/18/2852418_image2_1.jpg","129.0173663871","35.1001616416","몽실종가돼지국밥"
"부산광역시 사하구 다대로 95 (신평동)","6","2852402","39","http://tong.visitkorea.or.kr/cms/resource/00/2852400_image2_1.jpg","128.9782671739","35.0941421514","이티135"
"부산광역시 기장군 장안읍 해맞이로 270","6","2852289","39","http://tong.visitkorea.or.kr/cms/resource/85/2852285_image2_1.jpg","129.2677218291","35.3220608686","해운대해물칼국수"
"부산광역시 기장군 철마면 곰내길 308","6","2852250","39","http://tong.visitkorea.or.kr/cms/resource/42/2852242_image2_1.jpg","129.1693117210","35.2943538074","철마한우수목원"
"부산광역시 기장군 정관읍 병산로 221-19","6","2852185","39","http://tong.visitkorea.or.kr/cms/resource/74/2852174_image2_1.jpg","129.1855838580","35.3464982613","웨스턴챔버"
"부산광역시 기장군 일광읍 일광로 648","6","2848949","39","http://tong.visitkorea.or.kr/cms/resource/92/2848692_image2_1.jpg","129.2582316020","35.2999631688","칠암만장"
"부산광역시 기장군 일광읍 일광로 792","6","2848930","39","http://tong.visitkorea.or.kr/cms/resource/93/2848793_image2_1.jpg","129.2610810343","35.3114897076","하바나"
"부산광역시 강서구 가덕해안로 663 (천성동)","6","2847969","39","http://tong.visitkorea.or.kr/cms/resource/60/2847960_image2_1.jpg","128.8128719869","35.0375815671","브리타니"
"부산광역시 기장군 일광읍 일광로 754","6","2847893","39","http://tong.visitkorea.or.kr/cms/resource/82/2847882_image2_1.jpg","129.2593618262","35.3083844680","메이크씨"
"부산광역시 기장군 기장읍 연화2길 14-1","6","2845123","39","http://tong.visitkorea.or.kr/cms/resource/06/2845106_image2_1.jpg","129.2260450183","35.2175468041","본가딸부자전복죽집"
"부산광역시 기장군 일광읍 일광로 290","6","2845094","39","http://tong.visitkorea.or.kr/cms/resource/78/2845078_image2_1.jpg","129.2488304146","35.2721438894","마리솔"
"부산광역시 기장군 기장읍 석산1길 41","6","2844738","39","http://tong.visitkorea.or.kr/cms/resource/32/2844732_image2_1.jpg","129.2106078643","35.2033453296","팜카페"
"부산광역시 기장군 기장읍 기장해안로 871-1","6","2841499","39","http://tong.visitkorea.or.kr/cms/resource/93/2841493_image2_1.jpg","129.2441569026","35.2331120647","메르데쿠르"
"부산광역시 기장군 기장읍 공수해안길 41","6","2841481","39","http://tong.visitkorea.or.kr/cms/resource/76/2841476_image2_1.jpg","129.2131276086","35.1845252618","공극샌드커피"
"부산광역시 금정구 금강로 247-10 (장전동)","6","2841442","39","http://tong.visitkorea.or.kr/cms/resource/30/2841430_image2_1.jpg","129.0842986624","35.2304871678","톤쇼우"
"부산광역시 금정구 금샘로 219 (장전동)","6","2841417","39","http://tong.visitkorea.or.kr/cms/resource/98/2841398_image2_1.jpg","129.0836872388","35.2437884436","리디앤폴(LIDI&PAUL)"
"부산광역시 금정구 하마2길 28-17 (청룡동)","6","2841064","39","http://tong.visitkorea.or.kr/cms/resource/58/2841058_image2_1.jpg","129.0768619006","35.2776734066","더팜471"
"부산광역시 강서구 명지국제6로1번길 37 (명지동)","6","2841052","39","http://tong.visitkorea.or.kr/cms/resource/43/2841043_image2_1.jpg","128.8997906361","35.0953933502","한그루양과점"
"부산광역시 강서구 명지국제6로302번길 19-3 (명지동)","6","2841018","39","http://tong.visitkorea.or.kr/cms/resource/07/2841007_image2_1.jpg","128.9257409618","35.1025013632","월남면반"
"부산광역시 강서구 명지국제9로 66 (명지동)","6","2840998","39","http://tong.visitkorea.or.kr/cms/resource/84/2840984_image2_1.jpg","128.9247467287","35.0979213018","오리한상 명지본점"
"부산광역시 강서구 대저로299번길 6 (대저1동)","6","2840956","39","http://tong.visitkorea.or.kr/cms/resource/33/2840933_image2_1.jpg","128.9845550922","35.2115096751","벨렘351"
"부산광역시 강서구 새진목길 51 (명지동)","6","2840921","39","http://tong.visitkorea.or.kr/cms/resource/13/2840913_image2_1.jpg","128.9222825768","35.1154998440","방코"
"부산광역시 강서구 명지국제12로19번길 20-10 (명지동)","6","2840901","39","http://tong.visitkorea.or.kr/cms/resource/87/2840887_image2_1.jpg","128.9236910382","35.1062842348","로다로지"
"부산광역시 강서구 낙동남로682번길 94 (녹산동)","6","2840883","39","http://tong.visitkorea.or.kr/cms/resource/60/2840860_image2_1.jpg","128.8935433150","35.1190933587","녹산용가든"
"부산광역시 연제구 월드컵대로 162 (연산동)","6","2838973","39","http://tong.visitkorea.or.kr/cms/resource/58/2838958_image2_1.jpg","129.0789086531","35.1872308043","오소리순대"
"부산광역시 사상구 강변대로 420-7 (엄궁동)","6","2838935","39","http://tong.visitkorea.or.kr/cms/resource/29/2838929_image2_1.jpg","128.9621705766","35.1226858823","비상(VSANT)"
"부산광역시 북구 금곡대로285번길 81 (화명동)","6","2838889","39","http://tong.visitkorea.or.kr/cms/resource/78/2838878_image2_1.jpg","129.0090301147","35.2342436895","툇마루"
"부산광역시 부산진구 중앙대로666번길 50 (부전동, 더샵 센트럴스타)","6","2838872","39","http://tong.visitkorea.or.kr/cms/resource/63/2838863_image2_1.jpg","129.0619694214","35.1521316444","더스타뷔페"
"부산광역시 동구 망양로 533-5 (초량동)","6","2838849","39","http://tong.visitkorea.or.kr/cms/resource/47/2838847_image2_1.jpg","129.0298925398","35.1198180048","초량1941"
"부산광역시 동래구 사직로58번길 8 (사직동)","6","2838820","39","http://tong.visitkorea.or.kr/cms/resource/00/2838800_image2_1.jpg","129.0595628726","35.1960405705","주문진 막국수"
"부산광역시 연제구 고분로 41-1 (연산동)","6","2838489","39","http://tong.visitkorea.or.kr/cms/resource/79/2838479_image2_1.jpg","129.0869385453","35.1859366536","수복돼지국밥"
"부산광역시 중구 대교로 135 (중앙동5가)","6","2836431","39","http://tong.visitkorea.or.kr/cms/resource/30/2836430_image2_1.jpg","129.0374090315","35.1022423326","노티스"
"부산광역시 영도구 남항서로 52 (남항동3가)","6","2836424","39","http://tong.visitkorea.or.kr/cms/resource/16/2836416_image2_1.jpg","129.0348569290","35.0856219234","오구카페"
"부산광역시 기장군 일광읍 일광로 354","6","2833257","39","http://tong.visitkorea.or.kr/cms/resource/43/2833243_image2_1.jpg","129.2548492752","35.2743159804","그릿비 일광"
"부산광역시 금정구 오시게로 20 (부곡동)","6","2832729","39","http://tong.visitkorea.or.kr/cms/resource/27/2832727_image2_1.jpg","129.0864960018","35.2192717995","모모스커피 본점"
"부산광역시 강서구 화전산업대로 272-43 (녹산동)","6","2832712","39","http://tong.visitkorea.or.kr/cms/resource/06/2832706_image2_1.jpg","128.8889633680","35.1113663626","록산"
"부산광역시 기장군 일광읍 문오성길 22","6","2832655","39","http://tong.visitkorea.or.kr/cms/resource/54/2832654_image2_1.jpg","129.2567155544","35.2824206625","헤이든"
"부산광역시 강서구 가덕해안로1169번길 28 (대항동)","6","2832700","39","http://tong.visitkorea.or.kr/cms/resource/94/2832694_image2_1.jpg","128.8331570019","35.0127458275","구디너프"
"부산광역시 기장군 기장해안로 864","6","2832649","39","http://tong.visitkorea.or.kr/cms/resource/46/2832646_image2_1.jpg","129.2439402696","35.2325510123","피크스퀘어"
"부산광역시 기장군 기장읍 기장해안로 250","6","2832642","39","http://tong.visitkorea.or.kr/cms/resource/39/2832639_image2_1.jpg","129.2232402619","35.1974490024","풍원장시골밥상집"
"부산광역시 기장군 기장읍 기장해안로 32","6","2832636","39","http://tong.visitkorea.or.kr/cms/resource/33/2832633_image2_1.jpg","129.2089308044","35.1825920662","코랄라니"
"부산광역시 기장군 기장해안로 98","6","2822838","39","http://tong.visitkorea.or.kr/cms/resource/98/2822898_image2_1.jpg","129.2126497835","35.1877387817","대보름"
"부산광역시 금정구 청룡로 40 (청룡동)","6","2616371","39","http://tong.visitkorea.or.kr/cms/resource/16/2616416_image2_1.jpg","129.0882165219","35.2756710635","풍년오리박사"
"부산광역시 중구 중구로30번길 21-1 (신창동2가)","6","2609623","39","http://tong.visitkorea.or.kr/cms/resource/63/2934863_image2_1.jpg","129.0301485912","35.1008006940","개미집 본점"
"부산광역시 사상구 괘감로 98","6","2608470","39","http://tong.visitkorea.or.kr/cms/resource/11/2608611_image2_1.JPG","128.9851204151","35.1572213251","77돌곱창"
"부산광역시 금정구 부곡로141번길 6","6","2608181","39","http://tong.visitkorea.or.kr/cms/resource/89/2608289_image2_1.JPG","129.0918341648","35.2287458356","일송면옥"
"부산광역시 기장군 칠암1길 7-10","6","2822840","39","http://tong.visitkorea.or.kr/cms/resource/00/2822900_image2_1.jpg","129.2589676506","35.2999215202","칠암사계"
"부산광역시 기장군 일광읍 문오성길 509","6","850121","39","http://tong.visitkorea.or.kr/cms/resource/75/1902175_image2_1.jpg","129.2595731906","35.2985883478","꺼먹동네횟집"
"부산광역시 해운대구 달맞이길 229","6","1805861","39","http://tong.visitkorea.or.kr/cms/resource/88/3049888_image2_1.JPG","129.1841196663","35.1610190212","속시원한 대구탕"
"부산광역시 기장군 병산로 303-1","6","2852200","39","http://tong.visitkorea.or.kr/cms/resource/93/3072393_image2_1.jpg","129.1869974481","35.3528253562","유정1995 기장 본점"
"부산광역시 동래구 충렬대로237번길 31-3","6","851104","39","http://tong.visitkorea.or.kr/cms/resource/60/3048860_image2_1.JPG","129.0851937831","35.2030402602","정림전통한정식"
"부산광역시 해운대구 달맞이길62번길 1","6","851989","39","","129.1715207639","35.1609243536","할매복국"
"부산광역시 금정구 산성로 453 (금성동)","6","3026941","39","http://tong.visitkorea.or.kr/cms/resource/14/3026914_image2_1.JPG","129.0564283199","35.2504121966","금정산성 유가네누룩"
"부산광역시 해운대구 중동1로43번길 23","6","2778487","39","","129.1645185529","35.1624573857","금수복국 해운대본점"
"부산광역시 기장군 기장읍 기장해안로 603","6","1805792","39","","129.2302916643","35.2250432656","해동횟집"
"부산광역시 동래구 온천장로107번길 10","6","2789451","39","","129.0838684194","35.2204771709","깃발집 국수전골"
"부산광역시 기장군 정관읍 정관8로 28","6","2778443","39","","129.1788934446","35.3223258488","가야포차선지국"
"부산광역시 영도구 태종로 539","6","2642681","39","http://tong.visitkorea.or.kr/cms/resource/90/3423190_image2_1.png","129.0763172491","35.0843256105","카페 385"
"부산광역시 남구 용호로90번길 24","6","1805095","39","http://tong.visitkorea.or.kr/cms/resource/93/1804793_image2_1.jpg","129.1111159093","35.1243106672","할매팥빙수단팥죽"
"부산광역시 강서구 가덕해안로 560 (천성동)","6","3373600","39","http://tong.visitkorea.or.kr/cms/resource/21/3373621_image2_1.jpg","128.8072472729","35.0451417294","세븐아일랜드"
"부산광역시 서구 송도해변로 27 (암남동)","6","3412613","39","http://tong.visitkorea.or.kr/cms/resource/63/3412563_image2_1.jpg","129.0172310642","35.0716453854","암남길 벗과벗"
"부산광역시 해운대구 달맞이길62번길 67","6","403961","39","","129.1738428948","35.1568915149","선창횟집"
"부산광역시 해운대구 해운대해변로209번나길 17","6","135827","39","","129.1546889075","35.1604296524","동백섬횟집"
"부산광역시 해운대구 해운대로570번길 49","6","851955","39","","129.1594329447","35.1602575377","일품한우"
"부산광역시 해운대구 구남로41번길 40-1","6","851286","39","","129.1629548127","35.1620074073","상국이네"
"부산광역시 해운대구 해운대로 425","6","850880","39","","129.1416454336","35.1663954099","외식1번가"
"부산광역시 해운대구 해운대해변로209번나길 28","6","2512488","39","","129.1550666621","35.1600824760","오막집"
"부산광역시 해운대구 센텀1로 25","6","2626043","39","","129.1320129356","35.1664785554","그랜드애플"
"부산광역시 해운대구 청사포로58번길 118","6","1805853","39","","129.1909968571","35.1606275259","수민이네"
"부산광역시 해운대구 구남로41번길 12","6","1805656","39","","129.1620465848","35.1610408317","일번지자갈치산곰장어"
"부산광역시 해운대구 해운대해변로 154","6","688610","39","","129.1485450604","35.1581353515","아미산"
"부산광역시 해운대구 해운대해변로209번나길 16 동성장","6","2861189","39","","129.1545194851","35.1601741223","부우사안"
"부산광역시 연제구 월드컵대로145번길 32","6","849929","39","","129.0798725132","35.1851949389","가야할매 밀면"
"부산광역시 연제구 월드컵대로119번길 8","6","133314","39","","129.0818167950","35.1849700007","팔미초밥"
"부산광역시 수영구 남천동로108번길 49","6","851832","39","http://tong.visitkorea.or.kr/cms/resource/65/1867165_image2_1.jpg","129.1135956300","35.1468804084","신센"
"부산광역시 수영구 광안해변로370번길 9-32","6","2668102","39","","129.1343130018","35.1567852389","수변최고돼지국밥 민락본점"
"부산광역시 수영구 망미번영로55번길 35","6","2563357","39","","129.1088369750","35.1737300923","[백년가게]옥미아구찜"
"부산광역시 수영구 광안해변로294번길 26 (민락동)","6","3081825","39","http://tong.visitkorea.or.kr/cms/resource/70/3082370_image2_1.jpg","129.1261720835","35.1553158082","아트모이지"
"부산광역시 사하구 낙동대로324번길 2","6","850847","39","","128.9820222326","35.1004109631","오사카"
"부산광역시 사상구 낙동대로 1498 주식회사 국제식품","6","1280921","39","","128.9829474247","35.1922756903","초원농원"
"부산광역시 사상구 낙동대로 1564","6","134326","39","","128.9878357701","35.1965808534","곰보식당"
"부산광역시 사상구 광장로 68","6","133997","39","","128.9840592735","35.1617263562","대궐안집"
"부산광역시 사상구 학감대로39번안길 15-17","6","135287","39","","128.9977755336","35.1328603979","구덕민속촌"
"부산광역시 동래구 금강공원로26번길 34","6","134718","39","","129.0815158420","35.2206409979","원조소문난산곰장어"
"부산광역시 동래구 온천장로119번길 57","6","134949","39","","129.0817935615","35.2218825305","금문"
"부산광역시 남구 진남로 15","6","849887","39","","129.0915367246","35.1364061736","김유순대구뽈찜"
"부산광역시 기장군 기장읍 기장해안로 208","6","850891","39","","129.2207489054","35.1940437818","용궁해물야채쟁반짜장"
"부산광역시 기장군 문오성길 281","6","2853163","39","http://tong.visitkorea.or.kr/cms/resource/52/2853152_image2_1.jpg","129.2585068518","35.2901198330","아라진"
"부산광역시 금정구 구서로 23","6","850466","39","","129.0885367382","35.2466271039","명수정"
"부산광역시 금정구 금정로 45","6","403929","39","","129.0857930213","35.2288679330","토비코"
"부산광역시 동래구 사직북로5번길 11","6","2852685","39","http://tong.visitkorea.or.kr/cms/resource/76/2852676_image2_1.jpeg","129.0602739189","35.1961627928","금강만두"
"부산광역시 중구 중구로29번길 17 (부평동1가)","6","2952936","39","http://tong.visitkorea.or.kr/cms/resource/22/2952922_image2_1.jpg","129.0270044311","35.1004034583","카페제노아"
"부산광역시 기장군 화용길 103-17","6","2852263","39","http://tong.visitkorea.or.kr/cms/resource/56/2852256_image2_1.jpg","129.2215574939","35.2827394161","초오록"
"부산광역시 수영구 광안해변로307번길 20","6","2868940","39","http://tong.visitkorea.or.kr/cms/resource/37/2868937_image2_1.jpg","129.1266219702","35.1580099594","요이쿠마 본점"
"부산광역시 동래구 금정마을로 54","6","2853081","39","http://tong.visitkorea.or.kr/cms/resource/78/2853078_image2_1.jpg","129.0627927041","35.2121971536","파나카F"
"부산광역시 해운대구 중동2로10번길 7","6","2905141","39","http://tong.visitkorea.or.kr/cms/resource/35/2905135_image2_1.jpg","129.1649018354","35.1630962099","할매집"
"부산광역시 기장군 일광로 328","6","2848924","39","http://tong.visitkorea.or.kr/cms/resource/20/2848820_image2_1.jpg","129.2532994662","35.2722884009","황금새우기장본점"
"부산광역시 중구 흑교로45번길 31","6","2867692","39","http://tong.visitkorea.or.kr/cms/resource/89/2867689_image2_1.JPG","129.0217353553","35.1037002144","대동냉면밀면"
"부산광역시 해운대구 해운대해변로298번길 47","6","2952019","39","http://tong.visitkorea.or.kr/cms/resource/16/2952016_image2_1.jpg","129.1674016555","35.1617297426","소공간"
"부산광역시 동래구 연안로 38","6","2756690","39","http://tong.visitkorea.or.kr/cms/resource/09/2756909_image2_1.jpg","129.1082532132","35.1911614625","박해윤통영해물밥상"
"부산광역시 해운대구 송정중앙로6번길 188","6","2785269","39","http://tong.visitkorea.or.kr/cms/resource/03/2785303_image2_1.jpg","129.1966014983","35.1761508920","수월경화"
"부산광역시 수영구 무학로33번길 57","6","2868448","39","http://tong.visitkorea.or.kr/cms/resource/48/2868348_image2_1.jpg","129.1179253383","35.1640674534","타타에스프레소바"
"부산광역시 기장군 기장해안로 1301","6","2848939","39","http://tong.visitkorea.or.kr/cms/resource/59/2848759_image2_1.jpg","129.2331682209","35.2601393874","튼튼장어 무한리필"
"부산광역시 해운대구 달맞이길50번길 4","6","2858936","39","http://tong.visitkorea.or.kr/cms/resource/34/2858934_image2_1.jpg","129.1700125548","35.1611742976","해운대하얀오징어집"
"부산광역시 해운대구 송정광어골로 41 (송정동)","6","2873498","39","http://tong.visitkorea.or.kr/cms/resource/87/2873487_image2_1.jpg","129.1971986315","35.1774729774","구로마쯔"
"부산광역시 수영구 남천동로9번길 41 인재빌딩","6","2868850","39","http://tong.visitkorea.or.kr/cms/resource/37/2868837_image2_1.jpg","129.1108264879","35.1446611618","송원일식"
"부산광역시 수영구 수영로680번길 39","6","2838432","39","http://tong.visitkorea.or.kr/cms/resource/22/2838422_image2_1.jpg","129.1172781118","35.1662727497","엄용백 돼지국밥"
"부산광역시 해운대구 달맞이길117번라길 100","6","2787109","39","http://tong.visitkorea.or.kr/cms/resource/18/2798218_image2_1.JPG","129.1827141976","35.1623021845","사비아"
"부산광역시 부산진구 가야대로482번길 9-4","6","2784321","39","http://tong.visitkorea.or.kr/cms/resource/26/2787626_image2_1.jpg","129.0251059496","35.1525864700","개금밀면"
"부산광역시 강서구 맥도강변길 283","6","2853012","39","http://tong.visitkorea.or.kr/cms/resource/02/2853002_image2_1.jpg","128.9310646493","35.1337646256","낭만송백"
"부산광역시 사상구 사상로 316","6","2853156","39","http://tong.visitkorea.or.kr/cms/resource/43/2853143_image2_1.jpg","128.9837923295","35.1727362290","해물왕창칼국수"
"부산광역시 해운대구 송정구덕포길 178","6","2859073","39","http://tong.visitkorea.or.kr/cms/resource/70/2859070_image2_1.jpg","129.1968878084","35.1680045876","구덕포끝집고기"
"부산광역시 해운대구 달맞이길 193 부광가든","6","2860823","39","http://tong.visitkorea.or.kr/cms/resource/22/2860822_image2_1.jpg","129.1823171232","35.1581804168","샤브야 본점"
"부산광역시 해운대구 송정중앙로6번길 184 명신횟집","6","2860833","39","http://tong.visitkorea.or.kr/cms/resource/31/2860831_image2_1.jpg","129.1966570430","35.1763758683","송정물총칼국수"
"부산광역시 해운대구 구남로8번길 62","6","2891814","39","http://tong.visitkorea.or.kr/cms/resource/03/2891803_image2_1.jpg","129.1562304075","35.1616267696","류센소 본점"
"부산광역시 기장군 철마로 697 우송","6","2853185","39","http://tong.visitkorea.or.kr/cms/resource/73/2853173_image2_1.jpg","129.1671432951","35.2643376886","우송가든"
"부산광역시 부산진구 중앙대로970번길 38","6","2867517","39","http://tong.visitkorea.or.kr/cms/resource/11/2867511_image2_1.JPG","129.0753259678","35.1749487805","양정기사식당"
"부산광역시 기장군 기장읍 연화1길 137","6","2776396","39","http://tong.visitkorea.or.kr/cms/resource/86/2790886_image2_1.JPG","129.2261339112","35.2171162986","무진장횟집"
"부산광역시 동래구 온천천로 467-1","6","2782695","39","http://tong.visitkorea.or.kr/cms/resource/29/2795729_image2_1.png","129.1041674513","35.1914030262","르쎄"
"부산광역시 기장군 일광면 학리길 16","6","2759593","39","http://tong.visitkorea.or.kr/cms/resource/56/2759656_image2_1.jpg","129.2429341024","35.2578176071","전산가든"
"부산광역시 남구 지게골로 7","6","2794743","39","http://tong.visitkorea.or.kr/cms/resource/11/2794811_image2_1.jpg","129.0683387579","35.1358252547","칠성식당 본점"
"부산광역시 기장군 기장읍 기장해안로 266 5층","6","2659244","39","http://tong.visitkorea.or.kr/cms/resource/48/2659248_image2_1.jpg","129.2242568180","35.1982517091","옥탑방"
"부산광역시 영도구 절영로49번길 25","6","2668119","39","","129.0399036022","35.0896660083","재기돼지국밥"
"부산광역시 중구 흑교로59번길 3","6","132805","39","","129.0244017679","35.1045168387","물꽁식당"
"부산광역시 중구 대교로 103","6","403957","39","","129.0375007674","35.0994287600","성일집"
"부산광역시 중구 광복로 56-14","6","686419","39","","129.0312346584","35.0989509211","할매가야밀면"
"부산광역시 남구 유엔평화로 72","6","851907","39","","129.0931951234","35.1287570602","문화쌈밥"
"부산광역시 부산진구 중앙대로666번길 50","6","2651022","39","http://tong.visitkorea.or.kr/cms/resource/47/2660247_image2_1.png","129.0609389592","35.1520066402","밥앤밥 센트럴스퀘어"
"제주특별자치도 서귀포시 천제연로 132","39","126439","12","http://tong.visitkorea.or.kr/cms/resource/56/3552156_image2_1.jpg","126.4184294967","33.2526559999","천제연폭포"
"제주특별자치도 제주시 오라삼동","39","1884521","12","http://tong.visitkorea.or.kr/cms/resource/82/3477882_image2_1.jpg","126.5038611983","33.4893700755","가새기오름"
"제주특별자치도 제주시 애월읍 고내리 1111-4","39","2791433","12","http://tong.visitkorea.or.kr/cms/resource/19/3589219_image2_1.jpg","126.3379150223","33.4670588041","고내포구"
"제주특별자치도 서귀포시 돈내코로 137","39","126441","12","http://tong.visitkorea.or.kr/cms/resource/84/3589084_image2_1.jpg","126.5820170154","33.3005255267","돈내코 원앙폭포"
"제주특별자치도 제주시 구좌읍 해맞이해안로","39","2023328","12","http://tong.visitkorea.or.kr/cms/resource/91/3412991_image2_1.jpg","126.9040729746","33.5199453433","하도어촌체험마을"
"제주특별자치도 제주시 애월읍 애월로1길 26-4","39","2723542","12","http://tong.visitkorea.or.kr/cms/resource/93/3413993_image2_1.jpg","126.3101064260","33.4627838378","한담해변"
"제주특별자치도 서귀포시 남원읍 태위로 522-12","39","138185","12","http://tong.visitkorea.or.kr/cms/resource/67/3024967_image2_1.jpg","126.7030849020","33.2740331563","금호리조트 제주"
"제주특별자치도 서귀포시 대정읍 상모리 1618","39","2715651","12","http://tong.visitkorea.or.kr/cms/resource/62/3383862_image2_1.jpg","126.2815563372","33.2042091988","섯알오름"
"제주특별자치도 서귀포시 안덕면 산방로 218-12","39","126457","12","http://tong.visitkorea.or.kr/cms/resource/60/3384460_image2_1.jpg","126.3133472902","33.2372560486","산방굴사(제주)"
"제주특별자치도 서귀포시 칠십리로214번길 17-17 (동홍동)","39","129405","12","http://tong.visitkorea.or.kr/cms/resource/77/3384477_image2_1.jpg","126.5769659202","33.2452065509","소정방폭포"
"제주특별자치도 서귀포시 표선면 성읍서문로 14","39","1621147","12","http://tong.visitkorea.or.kr/cms/resource/53/3384553_image2_1.jpg","126.8000850448","33.3869055872","정의향교"
"제주특별자치도 서귀포시 하원북로35번길 15-28 법화사","39","309943","12","http://tong.visitkorea.or.kr/cms/resource/72/3384572_image2_1.jpg","126.4580035612","33.2652385684","법화사"
"제주특별자치도 서귀포시 남원읍 위미중앙로196번길 6-13","39","2740129","12","http://tong.visitkorea.or.kr/cms/resource/57/3390157_image2_1.jpg","126.6623912660","33.2713050304","위미항"
"제주특별자치도 서귀포시 대정읍 하모리","39","1620883","12","http://tong.visitkorea.or.kr/cms/resource/22/3391622_image2_1.jpg","126.2605635569","33.2113219743","하모해변"
"제주특별자치도 서귀포시 남성중로 43 (서홍동)","39","2932006","12","http://tong.visitkorea.or.kr/cms/resource/17/3391817_image2_1.jpg","126.5582787717","33.2398207377","서귀포 패류화석산지"
"제주특별자치도 서귀포시 서홍로 4-42","39","129395","12","http://tong.visitkorea.or.kr/cms/resource/02/3391902_image2_1.jpg","126.5551177065","33.2499640127","천지연 걸매생태공원"
"제주특별자치도 서귀포시 대정읍 상모리 238","39","2765245","12","http://tong.visitkorea.or.kr/cms/resource/22/3400222_image2_1.jpg","126.2935109685","33.1991210589","송악산 진지동굴"
"제주특별자치도 서귀포시 표선면 민속해안로 566-1","39","2704447","12","http://tong.visitkorea.or.kr/cms/resource/92/3389992_image2_1.jpg","126.8451186744","33.3247853896","당케포구"
"제주특별자치도 서귀포시 대정읍 마라로 (165, 마라도항로표지관리소)","39","129145","12","http://tong.visitkorea.or.kr/cms/resource/90/3400790_image2_1.jpg","126.2692287758","33.1170102919","마라도 등대"
"제주특별자치도 서귀포시 서홍동","39","2767778","12","http://tong.visitkorea.or.kr/cms/resource/37/3399937_image2_1.jpg","126.5607118442","33.2420288662","황우지해안열두굴"
"제주특별자치도 제주시 오라이동","39","126468","12","http://tong.visitkorea.or.kr/cms/resource/02/1802002_image2_1.jpg","126.5169053039","33.4542936092","방선문"
"제주특별자치도 제주시 구좌읍 종달리","39","2779457","12","http://tong.visitkorea.or.kr/cms/resource/36/3553836_image2_1.jpg","126.9097146979","33.4963286013","종달리해변"
"제주특별자치도 제주시 애월읍 상귀리","39","1621059","12","http://tong.visitkorea.or.kr/cms/resource/06/3403406_image2_1.jpg","126.4097117919","33.4565305490","구시물"
"제주특별자치도 서귀포시 표선면 가시로565번길 20","39","1993734","12","http://tong.visitkorea.or.kr/cms/resource/69/3588469_image2_1.jpg","126.7716354990","33.3532755098","녹산로 유채꽃도로"
"제주특별자치도 서귀포시 성산읍 고성리","39","2564158","12","http://tong.visitkorea.or.kr/cms/resource/75/3400775_image2_1.jpg","126.9246505478","33.4515393485","광치기해변"
"제주특별자치도 제주시 조천읍 교래3길 98","39","128443","12","http://tong.visitkorea.or.kr/cms/resource/18/3586318_image2_1.jpg","126.6746449016","33.4315819724","교래 삼다수마을"
"제주특별자치도 제주시 애월읍 애원로 804","39","2606209","12","http://tong.visitkorea.or.kr/cms/resource/15/3587015_image2_1.jpg","126.3720160859","33.4113377321","화조원"
"제주특별자치도 제주시 구좌읍 송당리","39","1899959","12","http://tong.visitkorea.or.kr/cms/resource/80/3585580_image2_1.jpg","126.7697172117","33.4315668324","도리미오름"
"제주특별자치도 제주시 한림읍 봉수대길 5","39","2740127","12","http://tong.visitkorea.or.kr/cms/resource/56/3585556_image2_1.jpg","126.2607962828","33.3629135599","느지리오름"
"제주특별자치도 제주시 애월읍 봉성리 산41","39","1918950","12","http://tong.visitkorea.or.kr/cms/resource/40/3585540_image2_1.jpg","126.3754586925","33.3560883410","괴오름"
"제주특별자치도 제주시 한림읍 금악리","39","1926369","12","http://tong.visitkorea.or.kr/cms/resource/43/3585443_image2_1.jpg","126.3249106803","33.3393282866","정물알오름"
"제주특별자치도 제주시 한림읍 협재리","39","1895633","12","http://tong.visitkorea.or.kr/cms/resource/71/3585371_image2_1.jpg","126.2271120833","33.4085746459","비양봉"
"제주특별자치도 제주시 한경면 일주서로 3960-24","39","2789652","12","http://tong.visitkorea.or.kr/cms/resource/52/3585352_image2_1.jpg","126.1805486613","33.3198309570","순례자의 교회"
"제주특별자치도 서귀포시 대정읍 안성리","39","2778897","12","http://tong.visitkorea.or.kr/cms/resource/77/3585277_image2_1.jpg","126.2837741374","33.2696992239","안성리수국길"
"제주특별자치도 서귀포시 대포동","39","1889833","12","http://tong.visitkorea.or.kr/cms/resource/00/3585200_image2_1.jpg","126.4578470138","33.3101086116","갯거리오름"
"제주특별자치도 서귀포시 표선면 가시리","39","1918984","12","http://tong.visitkorea.or.kr/cms/resource/75/3585175_image2_1.jpg","126.6885413552","33.4124065362","구두리오름"
"제주특별자치도 서귀포시 인정오름로 387-63","39","2765223","12","http://tong.visitkorea.or.kr/cms/resource/54/3585154_image2_1.jpg","126.5542194241","33.3005945221","미악산"
"제주특별자치도 제주시 애월읍 고성북길 112","39","2738653","12","http://tong.visitkorea.or.kr/cms/resource/30/3585130_image2_1.jpg","126.4131000861","33.4698485725","토토아뜰리에"
"제주특별자치도 제주시 한림읍 한림해안로 192","39","2792599","12","http://tong.visitkorea.or.kr/cms/resource/65/3554865_image2_1.jpg","126.2625726517","33.4190907055","한림항"
"제주특별자치도 서귀포시 서홍동 666-1","39","126438","12","http://tong.visitkorea.or.kr/cms/resource/30/2918130_image2_1.jpg","126.5595618830","33.2447452147","천지연폭포"
"제주특별자치도 서귀포시 성산읍 중산간동로 4150-30","39","127857","12","http://tong.visitkorea.or.kr/cms/resource/11/3515611_image2_1.jpg","126.8428064761","33.3811208022","일출랜드"
"제주특별자치도 서귀포시 서홍동","39","879234","12","http://tong.visitkorea.or.kr/cms/resource/09/3011809_image2_1.jpg","126.5596120340","33.2378293118","새연교"
"제주특별자치도 서귀포시 성산읍 섭지코지로 107","39","127813","12","","126.9280674087","33.4302500880","섭지코지"
"제주특별자치도 제주시 명림로 584","39","127479","12","","126.6252156649","33.4400774642","제주절물자연휴양림"
"제주특별자치도 서귀포시 안덕면 대평감산로 8","39","129327","12","http://tong.visitkorea.or.kr/cms/resource/62/3401762_image2_1.jpg","126.3670621143","33.2354376484","서귀포 용왕난드르마을"
"제주특별자치도 서귀포시 성산읍 중산간동로 4150-30","39","2738721","12","http://tong.visitkorea.or.kr/cms/resource/61/3401661_image2_1.jpg","126.8415509789","33.3833177616","미천굴"
"제주특별자치도 서귀포시 칠십리로 120-12 (서귀동)","39","2738724","12","http://tong.visitkorea.or.kr/cms/resource/72/3463972_image2_1.jpg","126.5675084795","33.2419428720","자구리문화예술공원(자구리공원)"
"제주특별자치도 제주시 애월읍 평화로 1529","39","2742344","12","http://tong.visitkorea.or.kr/cms/resource/02/3577302_image2_1.jpg","126.3636734821","33.3615847697","새별프렌즈"
"제주특별자치도 서귀포시 성산읍 서성일로 1073","39","2704242","12","http://tong.visitkorea.or.kr/cms/resource/34/3577234_image2_1.jpg","126.8933089807","33.4445035069","해품은체험농장"
"제주특별자치도 제주시 조천읍 선흘리","39","598187","12","http://tong.visitkorea.or.kr/cms/resource/94/3077594_image2_1.jpg","126.7037135147","33.4792299475","선녀와나무꾼"
"제주특별자치도 서귀포시 표선면 돈오름로 170","39","128345","12","http://tong.visitkorea.or.kr/cms/resource/86/3551486_image2_1.jpg","126.8155933234","33.3304565115","제주허브동산"
"제주특별자치도 서귀포시 대정읍 추사로247번길 102","39","2765240","12","http://tong.visitkorea.or.kr/cms/resource/03/3391703_image2_1.jpg","126.2607820469","33.2535839778","천주교 대정성지"
"제주특별자치도 서귀포시 성산읍 성산등용로 130-21","39","128154","12","http://tong.visitkorea.or.kr/cms/resource/16/3396216_image2_1.jpg","126.9345186424","33.4729843609","성산포유람선"
"제주특별자치도 제주시 한림읍 협재리","39","127529","12","http://tong.visitkorea.or.kr/cms/resource/98/3556298_image2_1.jpg","126.2257094042","33.4096328399","비양도"
"제주특별자치도 서귀포시 516로 717 (상효동)","39","2723689","12","http://tong.visitkorea.or.kr/cms/resource/78/3400178_image2_1.jpg","126.5966821327","33.3128299569","서귀다원"
"제주특별자치도 서귀포시 대정읍 상모리 2-13","39","2765237","12","http://tong.visitkorea.or.kr/cms/resource/64/3400264_image2_1.jpg","126.2943831374","33.1981045181","송악산전망대"
"제주특별자치도 서귀포시 남원읍 위미해안로 43","39","128330","12","http://tong.visitkorea.or.kr/cms/resource/18/3400618_image2_1.jpg","126.6587526977","33.2710355577","위미1리어촌체험마을"
"제주특별자치도 서귀포시 성산읍 신풍하동로 39","39","128326","12","http://tong.visitkorea.or.kr/cms/resource/30/3401530_image2_1.jpg","126.8405571105","33.3619201078","신풍리체험휴양마을"
"제주특별자치도 서귀포시 안덕면 산록남로762번길 113","39","2663244","12","http://tong.visitkorea.or.kr/cms/resource/71/3400771_image2_1.jpg","126.3877920933","33.3051886051","방주교회"
"제주특별자치도 서귀포시 이중섭로 29","39","127283","12","http://tong.visitkorea.or.kr/cms/resource/75/3401275_image2_1.jpg","126.5644169991","33.2455757555","이중섭 거주지"
"제주특별자치도 서귀포시 성산읍 금백조로 448","39","2755492","12","http://tong.visitkorea.or.kr/cms/resource/87/3401487_image2_1.jpg","126.8227318948","33.4387918874","제주자연생태공원"
"제주특별자치도 서귀포시 산록남로 1258 (색달동)","39","2602774","12","http://tong.visitkorea.or.kr/cms/resource/36/3391736_image2_1.jpg","126.4224782273","33.2937431939","쉼한모금"
"제주특별자치도 제주시 우도면 연평리","39","2767790","12","http://tong.visitkorea.or.kr/cms/resource/79/3411179_image2_1.jpg","126.9526464263","33.5249205816","답다니탑망대"
"제주특별자치도 제주시 조천읍 선교로 266-4","39","745449","12","http://tong.visitkorea.or.kr/cms/resource/02/3411202_image2_1.jpg","126.7006637850","33.4789799258","다희연"
"제주특별자치도 서귀포시 대정읍 중산간서로 2260-15","39","2704456","12","http://tong.visitkorea.or.kr/cms/resource/86/3390386_image2_1.jpg","126.2873513183","33.2825728584","노리매공원"
"제주특별자치도 제주시 봉개동","39","1925369","12","http://tong.visitkorea.or.kr/cms/resource/61/3477961_image2_1.jpg","126.6055499659","33.4726124405","열안지오름(봉개동)"
"제주특별자치도 제주시 독짓골8길 26","39","315926","12","http://tong.visitkorea.or.kr/cms/resource/66/3407066_image2_1.jpg","126.5324919902","33.4917036061","보덕사(제주)"
"제주특별자치도 서귀포시 성산읍 일주동로4120번길 23-20","39","1882274","12","http://tong.visitkorea.or.kr/cms/resource/59/3477459_image2_1.jpg","126.9100849593","33.4594882342","벵가스테이"
"제주특별자치도 서귀포시 성산읍 일출로 284-12","39","126435","12","http://tong.visitkorea.or.kr/cms/resource/82/2944282_image2_1.bmp","126.9415156012","33.4581111174","성산일출봉 [유네스코 세계자연유산]"
"제주특별자치도 제주시 수목원길 72","39","127514","12","http://tong.visitkorea.or.kr/cms/resource/91/3541991_image2_1.jpg","126.4921487719","33.4697692812","한라수목원"
"제주특별자치도 제주시 조천읍 북촌리","39","1928421","12","http://tong.visitkorea.or.kr/cms/resource/99/3565199_image2_1.jpg","126.6953319009","33.5572322923","다려도"
"제주특별자치도 제주시 구좌읍 종달리","39","1945394","12","http://tong.visitkorea.or.kr/cms/resource/92/3565192_image2_1.jpg","126.8195400994","33.4564732156","손지오름"
"제주특별자치도 서귀포시 성산읍 고성리","39","2778809","12","http://tong.visitkorea.or.kr/cms/resource/77/3096277_image2_1.jpg","126.9340141417","33.4291280857","제주 글라스하우스"
"제주특별자치도 서귀포시 안덕면 화순해안로106번길 16","39","2740056","12","http://tong.visitkorea.or.kr/cms/resource/58/3552058_image2_1.jpg","126.3352176189","33.2370675236","산방산 유람선"
"제주특별자치도 제주시 구좌읍 송당리 2173","39","2779449","12","http://tong.visitkorea.or.kr/cms/resource/87/3354187_image2_1.jpg","126.7552818445","33.4537780343","비밀의 숲"
"제주특별자치도 제주시 구좌읍 만장굴길 122","39","127046","12","http://tong.visitkorea.or.kr/cms/resource/69/3556269_image2_1.jpg","126.7720396084","33.5363247299","김녕미로공원"
"제주특별자치도 서귀포시 표선면 성읍리","39","126471","12","http://tong.visitkorea.or.kr/cms/resource/64/3551564_image2_1.jpg","126.7882138165","33.3884302280","성읍민속마을"
"제주특별자치도 제주시 한림읍 한림로 300","39","126455","12","http://tong.visitkorea.or.kr/cms/resource/83/3553983_image2_1.jpg","126.2415557152","33.3886659647","한림공원"
"제주특별자치도 서귀포시 대정읍 영락하동로 9-6","39","2779522","12","http://tong.visitkorea.or.kr/cms/resource/27/3551727_image2_1.jpg","126.2099419548","33.2564245360","고산일과해안도로"
"제주특별자치도 서귀포시 남원읍 생기악로 53-38","39","2806043","12","","126.6362150996","33.3003486310","동백포레스트"
"제주특별자치도 서귀포시 대정읍 마라로101번길 46","39","126450","12","http://tong.visitkorea.or.kr/cms/resource/83/3516583_image2_1.jpg","126.2671011468","33.1186461893","마라도"
"제주특별자치도 제주시 고하상로 326","39","2847726","12","http://tong.visitkorea.or.kr/cms/resource/12/2847712_image2_1.JPG","126.3584888528","33.4394649613","상가리야자숲"
"제주특별자치도 제주시 신산로 92-12","39","2414812","12","http://tong.visitkorea.or.kr/cms/resource/34/3554934_image2_1.jpg","126.5337915690","33.5052799020","신산공원"
"제주특별자치도 제주시 한림읍 금능리","39","2946074","12","http://tong.visitkorea.or.kr/cms/resource/86/2947286_image2_1.jpg","126.2351090186","33.3902295795","금능포구"
"제주특별자치도 제주시 조천읍 북촌리 393","39","2858656","12","http://tong.visitkorea.or.kr/cms/resource/15/3095515_image2_1.jpg","126.7000343788","33.5524884484","창꼼"
"제주특별자치도 제주시 한경면 판포리 2877-3","39","2785869","12","http://tong.visitkorea.or.kr/cms/resource/61/3352661_image2_1.jpg","126.1996321009","33.3654401002","판포포구"
"제주특별자치도 서귀포시 원님로399번길 31-7","39","2977041","12","http://tong.visitkorea.or.kr/cms/resource/95/2976895_image2_1.jpg","126.7425272126","33.3399459590","열대과일농장 유진팡"
"제주특별자치도 제주시 조천읍 북촌서1길 70","39","128777","12","http://tong.visitkorea.or.kr/cms/resource/99/3077599_image2_1.jpg","126.6896605755","33.5396035971","돌하르방미술관"
"제주특별자치도 제주시 구좌읍 해맞이해안로 1973","39","2704435","12","http://tong.visitkorea.or.kr/cms/resource/92/3100092_image2_1.jpg","126.8988152454","33.5135348561","하도해변"
"제주특별자치도 제주시 한경면 한경해안로 485","39","2663250","12","http://tong.visitkorea.or.kr/cms/resource/24/3354424_image2_1.jpg","126.1721349880","33.3431254722","신창풍차해안도로"
"제주특별자치도","39","1957971","12","http://tong.visitkorea.or.kr/cms/resource/21/3556321_image2_1.jpg","126.4961418675","33.3911585950","제주도 관광특구"
"제주특별자치도 제주시 애월읍 애원로 283","39","2554570","12","http://tong.visitkorea.or.kr/cms/resource/12/3556312_image2_1.jpg","126.3374100177","33.4444696300","제주샘주 양조장"
"제주특별자치도 제주시 한경면 고산리","39","1898906","12","http://tong.visitkorea.or.kr/cms/resource/01/3556301_image2_1.jpg","126.1676196819","33.2994219009","엉알해안"
"제주특별자치도 제주시 조천읍 조천리","39","126463","12","http://tong.visitkorea.or.kr/cms/resource/47/3556247_image2_1.jpg","126.6359680033","33.5402304438","연북정"
"제주특별자치도 제주시 한경면 노을해안로 1013-70","39","228859","12","http://tong.visitkorea.or.kr/cms/resource/38/3556238_image2_1.jpg","126.1630063111","33.2941224154","수월봉과 차귀해안"
"제주특별자치도 제주시 서해안로 687-8 (용담이동)","39","2738705","12","http://tong.visitkorea.or.kr/cms/resource/29/3556229_image2_1.jpg","126.5121043316","33.5155784156","용담해안도로"
"제주특별자치도 제주시 우도면 우도해안길 70","39","2798882","12","http://tong.visitkorea.or.kr/cms/resource/24/3556224_image2_1.jpg","126.9515555965","33.4928352215","제주 우도 천진항 대합실"
"제주특별자치도 제주시 한경면 낙산로 4-28","39","879633","12","http://tong.visitkorea.or.kr/cms/resource/15/3556215_image2_1.jpg","126.2269445635","33.3227424721","물드리네"
"제주특별자치도 제주시 산록북로","39","1925366","12","http://tong.visitkorea.or.kr/cms/resource/06/3556206_image2_1.jpg","126.5207167107","33.4265967334","열안지오름(오라동)"
"제주특별자치도 제주시 오현길 61","39","129384","12","http://tong.visitkorea.or.kr/cms/resource/91/3556191_image2_1.jpg","126.5255810579","33.5102931048","제주성지"
"제주특별자치도 제주시 용두암길 15 (용담이동)","39","228853","12","http://tong.visitkorea.or.kr/cms/resource/68/3011868_image2_1.jpg","126.5125098697","33.5147812884","용두암"
"제주특별자치도 제주시 애월읍 구엄리","39","2779527","12","http://tong.visitkorea.or.kr/cms/resource/29/3555529_image2_1.jpg","126.3812109878","33.4789303956","구엄리 돌염전"
"제주특별자치도 제주시 애월읍 평화로 2346","39","2479639","12","http://tong.visitkorea.or.kr/cms/resource/79/3555479_image2_1.jpg","126.4089792859","33.4226259562","제주불빛정원"
"제주특별자치도 제주시 테우해안로 60","39","2740135","12","http://tong.visitkorea.or.kr/cms/resource/54/3555454_image2_1.jpg","126.4412414879","33.4962044339","알작지"
"제주특별자치도 제주시 구좌읍 김녕리","39","2778905","12","http://tong.visitkorea.or.kr/cms/resource/89/3555389_image2_1.jpg","126.7427251632","33.5504226979","해맞이해안로"
"제주특별자치도 제주시 애월읍 도치돌길 303","39","2751854","12","http://tong.visitkorea.or.kr/cms/resource/08/3555308_image2_1.jpg","126.3667721330","33.4097517134","도치돌 알파카목장"
"제주특별자치도 제주시 화북1동","39","2798892","12","http://tong.visitkorea.or.kr/cms/resource/93/3555293_image2_1.jpg","126.5645634332","33.5255364838","화북포구"
"제주특별자치도 제주시 우도면 연평리","39","591798","12","http://tong.visitkorea.or.kr/cms/resource/64/3555264_image2_1.jpg","126.9574573668","33.5142746145","하고수동해변"
"제주특별자치도 제주시 건입동","39","126459","12","http://tong.visitkorea.or.kr/cms/resource/24/3555224_image2_1.jpg","126.5455208585","33.5161427755","모충사"
"제주특별자치도 제주시 흥운길 73 (용담이동)","39","127745","12","http://tong.visitkorea.or.kr/cms/resource/11/3555211_image2_1.jpg","126.5139125156","33.5152118184","용연"
"제주특별자치도 제주시 선사로2길 13","39","129455","12","http://tong.visitkorea.or.kr/cms/resource/04/3555204_image2_1.jpg","126.5877975763","33.5232982139","제주 삼양동 유적"
"제주특별자치도 제주시 해안동","39","127202","12","http://tong.visitkorea.or.kr/cms/resource/72/3555172_image2_1.jpg","126.5067521811","33.3856593715","어승생"
"제주특별자치도 제주시 구좌읍 김녕항1길 50-13","39","2781326","12","http://tong.visitkorea.or.kr/cms/resource/58/3555158_image2_1.jpg","126.7400446641","33.5580773628","김녕항"
"제주특별자치도 제주시 동한두기길 7-6 (용담일동)","39","129403","12","http://tong.visitkorea.or.kr/cms/resource/42/3555142_image2_1.jpg","126.5154401529","33.5155645816","복신미륵"
"제주특별자치도 제주시 조천읍 신촌5길 27","39","1621045","12","http://tong.visitkorea.or.kr/cms/resource/44/3555044_image2_1.jpg","126.6206833050","33.5365417182","신촌향사"
"제주특별자치도 제주시 한경면 용수리","39","228864","12","http://tong.visitkorea.or.kr/cms/resource/30/3555030_image2_1.jpg","126.1671080750","33.3238275280","절부암"
"제주특별자치도 제주시 용담일동","39","2767900","12","http://tong.visitkorea.or.kr/cms/resource/60/3554960_image2_1.jpg","126.5150125811","33.5081292873","용담공원"
"제주특별자치도 제주시 임항로 111","39","2791511","12","http://tong.visitkorea.or.kr/cms/resource/13/3554913_image2_1.jpg","126.5342384162","33.5200699382","제주항"
"제주특별자치도 제주시 한림읍 새미소길 15","39","2765252","12","http://tong.visitkorea.or.kr/cms/resource/91/3554891_image2_1.jpg","126.3237716904","33.3483050542","새미은총의동산"
"제주특별자치도 제주시 한경면 판조로 253-6","39","2674014","12","http://tong.visitkorea.or.kr/cms/resource/26/3554826_image2_1.jpg","126.2182391712","33.3494560488","비체올린"
"제주특별자치도 제주시 삼양고수물길 1","39","127336","12","http://tong.visitkorea.or.kr/cms/resource/71/3554771_image2_1.jpg","126.9510300250","33.5195017100","우도"
"제주특별자치도 서귀포시 색달동","39","126449","12","http://tong.visitkorea.or.kr/cms/resource/13/3552513_image2_1.jpg","126.4112108397","33.2454289066","중문색달해수욕장"
"제주특별자치도 제주시 산록북로 660","39","126456","12","http://tong.visitkorea.or.kr/cms/resource/64/3384664_image2_1.jpg","126.5581440803","33.4237615317","관음사(제주)"
"제주특별자치도 서귀포시 영실로 246","39","126469","12","http://tong.visitkorea.or.kr/cms/resource/15/3552115_image2_1.jpg","126.4803110551","33.3402306397","한라산 영실"
"제주특별자치도 서귀포시 서흥동","39","126470","12","http://tong.visitkorea.or.kr/cms/resource/75/3552175_image2_1.jpg","126.5462159180","33.2402621646","외돌개(제주)"
"제주특별자치도 제주시 한림읍 한림로 329-10","39","127490","12","http://tong.visitkorea.or.kr/cms/resource/66/3096066_image2_1.jpg","126.2394418960","33.3937764770","협재해수욕장"
"제주특별자치도 서귀포시 남원읍 태위로 522-17","39","128795","12","http://tong.visitkorea.or.kr/cms/resource/25/3550525_image2_1.jpg","126.7037237502","33.2733776834","남원 큰엉해안"
"제주특별자치도 제주시 구좌읍 하도리 3354","39","128796","12","http://tong.visitkorea.or.kr/cms/resource/06/3100106_image2_1.jpg","126.8843912035","33.5262082208","별방진"
"제주특별자치도 서귀포시 남성중로 40","39","128838","12","http://tong.visitkorea.or.kr/cms/resource/39/3551839_image2_1.jpg","126.5584621032","33.2391930320","서귀포유람선"
"제주특별자치도 제주시 한림읍 금악리","39","129699","12","http://tong.visitkorea.or.kr/cms/resource/35/3352435_image2_1.jpg","126.3059091921","33.3555289743","금오름"
"제주특별자치도 서귀포시 안덕면 사계리 112-3","39","1620997","12","http://tong.visitkorea.or.kr/cms/resource/24/3551524_image2_1.jpg","126.3146500324","33.2337481229","하멜기념비"
"제주특별자치도 서귀포시 표선면 성읍정의현로34번길 5-3","39","1621155","12","http://tong.visitkorea.or.kr/cms/resource/37/3551937_image2_1.jpg","126.8018154715","33.3859918271","제주 성읍마을 고평오 고택"
"제주특별자치도 서귀포시 표선면 성읍서문로 4-7","39","1621161","12","http://tong.visitkorea.or.kr/cms/resource/93/3552193_image2_1.jpg","126.8001350317","33.3872944340","제주 성읍마을 고창환 고택"
"제주특별자치도 서귀포시 표선면 성읍리","39","1621165","12","http://tong.visitkorea.or.kr/cms/resource/50/3551950_image2_1.jpg","126.8021126853","33.3852280274","정의현성"
"제주특별자치도 서귀포시 안덕면 화순중앙로124번길 75","39","1891566","12","http://tong.visitkorea.or.kr/cms/resource/53/3552753_image2_1.jpg","126.3278570231","33.2426334601","와이리조트 제주"
"제주특별자치도 서귀포시 남원읍 태수로 552","39","2433925","12","http://tong.visitkorea.or.kr/cms/resource/64/3552664_image2_1.jpg","126.7169963890","33.3268525509","물영아리오름"
"제주특별자치도 서귀포시 표선면 번영로 2564-21","39","2516416","12","http://tong.visitkorea.or.kr/cms/resource/27/3551827_image2_1.jpg","126.7786837609","33.4026812788","낙타트레킹"
"제주특별자치도 서귀포시 안덕면 신화역사로304번길 98","39","2562214","12","http://tong.visitkorea.or.kr/cms/resource/41/3550541_image2_1.jpg","126.3076045827","33.3065177523","신화테마파크"
"제주특별자치도 서귀포시 대정읍 최남단해안로 120","39","2621914","12","http://tong.visitkorea.or.kr/cms/resource/79/3552479_image2_1.jpg","126.2583887734","33.2100942980","마라도 가파도 정기여객선"
"제주특별자치도 제주시 애월읍 예원로 51","39","2705296","12","http://tong.visitkorea.or.kr/cms/resource/45/3553545_image2_1.jpg","126.3965683162","33.4642655959","물뫼힐링팜"
"제주특별자치도 제주시 외도이동","39","2738683","12","http://tong.visitkorea.or.kr/cms/resource/36/3553736_image2_1.jpg","126.4267094451","33.4950293341","연대포구"
"제주특별자치도 제주시 구좌읍 월정리 652-4","39","2738701","12","http://tong.visitkorea.or.kr/cms/resource/02/3553602_image2_1.jpg","126.7949343757","33.5566117438","월정리해안도로"
"제주특별자치도 서귀포시 대포동","39","2738714","12","http://tong.visitkorea.or.kr/cms/resource/26/3550926_image2_1.jpg","126.4392113608","33.2377274199","대포포구"
"제주특별자치도 서귀포시 법환동","39","2738728","12","http://tong.visitkorea.or.kr/cms/resource/11/3550911_image2_1.jpg","126.5157102960","33.2372286829","법환포구"
"제주특별자치도 서귀포시 보목포로 46 (보목동)","39","2738742","12","http://tong.visitkorea.or.kr/cms/resource/92/3550692_image2_1.jpg","126.6067745830","33.2392465705","보목포구"
"제주특별자치도 서귀포시 대정읍 동일하모로98번길 14-32","39","2738761","12","http://tong.visitkorea.or.kr/cms/resource/01/3552201_image2_1.jpg","126.2401122413","33.2254895350","동일리포구"
"제주특별자치도 서귀포시 예래해안로 256 (하예동)","39","2740047","12","http://tong.visitkorea.or.kr/cms/resource/44/3550644_image2_1.jpg","126.3887657618","33.2365767524","논짓물"
"제주특별자치도 서귀포시 예래해안로 97","39","2740052","12","http://tong.visitkorea.or.kr/cms/resource/54/3550554_image2_1.jpg","126.3745753937","33.2335157559","예래포구"
"제주특별자치도 서귀포시 성산읍 오조로 33","39","2742256","12","http://tong.visitkorea.or.kr/cms/resource/05/3552705_image2_1.jpg","126.9149845836","33.4573829903","오조포구"
"제주특별자치도 제주시 한림읍 월령리 317-1","39","2742297","12","http://tong.visitkorea.or.kr/cms/resource/79/3553679_image2_1.jpg","126.2163109139","33.3785527991","월령포구"
"제주특별자치도 서귀포시 안덕면 사계리 3682","39","2742301","12","http://tong.visitkorea.or.kr/cms/resource/77/3552077_image2_1.jpg","126.3157581698","33.2382615310","형제해안도로"
"제주특별자치도 제주시 한경면 연명로 348","39","2742373","12","http://tong.visitkorea.or.kr/cms/resource/74/3524874_image2_1.jpg","126.2590505609","33.3022924580","청수곶자왈"
"제주특별자치도 제주시 조천읍 선교로 474-1","39","2751986","12","http://tong.visitkorea.or.kr/cms/resource/43/3553643_image2_1.jpg","126.7095828183","33.4630929367","포레스트 공룡사파리"
"제주특별자치도 제주시 해안마을5길 124-85 (해안동)","39","2763820","12","http://tong.visitkorea.or.kr/cms/resource/81/3549281_image2_1.jpeg","126.4633015454","33.4579895705","아날로그감귤밭"
"제주특별자치도 제주시 삼양삼동 2582-1","39","2765248","12","http://tong.visitkorea.or.kr/cms/resource/73/3553473_image2_1.jpg","126.5788233094","33.5253395110","삼양해안도로"
"제주특별자치도 서귀포시 남성중로 43","39","2767627","12","http://tong.visitkorea.or.kr/cms/resource/05/3551805_image2_1.jpg","126.5588092829","33.2397485318","새섬공원"
"제주특별자치도 제주시 우도면 우도해안길 352","39","2767885","12","http://tong.visitkorea.or.kr/cms/resource/56/3553456_image2_1.jpg","126.9435281264","33.5095971276","하우목동항"
"제주특별자치도 서귀포시 대정읍 영락리","39","2778890","12","http://tong.visitkorea.or.kr/cms/resource/64/3552564_image2_1.jpg","126.2027620245","33.2563744294","노을해안로"
"제주특별자치도 서귀포시 말질로 291","39","2779517","12","http://tong.visitkorea.or.kr/cms/resource/95/3552095_image2_1.jpg","126.4750196034","33.2271624839","강정포구"
"제주특별자치도 서귀포시 대정읍 하모리","39","2781327","12","http://tong.visitkorea.or.kr/cms/resource/09/3551609_image2_1.jpg","126.2583110141","33.2095276929","운진항"
"제주특별자치도 서귀포시 남원읍 위미리 799-2","39","2781386","12","http://tong.visitkorea.or.kr/cms/resource/46/3552546_image2_1.jpg","126.6741708395","33.2696137381","세천포구"
"제주특별자치도 서귀포시 보목동","39","2781394","12","http://tong.visitkorea.or.kr/cms/resource/76/3550576_image2_1.jpg","126.5965116372","33.2368272299","구두미포구"
"제주특별자치도 서귀포시 칠십리로485번길 2 (보목동)","39","2781401","12","http://tong.visitkorea.or.kr/cms/resource/92/3551992_image2_1.jpg","126.6027220992","33.2417795599","소천지"
"제주특별자치도 서귀포시 이어도로 36-30","39","2781422","12","http://tong.visitkorea.or.kr/cms/resource/55/3550955_image2_1.jpg","126.4260597168","33.2380216246","대포해안"
"제주특별자치도 서귀포시 안덕면 창천리 914-5","39","2789609","12","http://tong.visitkorea.or.kr/cms/resource/64/3551164_image2_1.jpg","126.3620208614","33.2365152273","대평포구"
"제주특별자치도 서귀포시 칠십리로72번길 14","39","2791505","12","http://tong.visitkorea.or.kr/cms/resource/46/3550946_image2_1.jpg","126.5648726592","33.2391598040","서귀포항"
"제주특별자치도 제주시 조천읍 조함해안로 525","39","2792568","12","http://tong.visitkorea.or.kr/cms/resource/92/3553692_image2_1.jpg","126.6690845131","33.5427390309","조천함덕해안도로"
"제주특별자치도 제주시 한경면 노을해안로 1161","39","2792595","12","http://tong.visitkorea.or.kr/cms/resource/16/3553716_image2_1.jpg","126.1651502316","33.3093902050","자구내포구"
"제주특별자치도 제주시 한림읍 협재리","39","2792603","12","http://tong.visitkorea.or.kr/cms/resource/75/3553775_image2_1.jpg","126.2431108927","33.3995286760","협재포구"
"제주특별자치도 제주시 서해안로 319 (도두이동)","39","2794667","12","http://tong.visitkorea.or.kr/cms/resource/47/3553747_image2_1.jpg","126.4795239664","33.5096313338","사수항"
"제주특별자치도 서귀포시 중문동 2314-2","39","2796715","12","http://tong.visitkorea.or.kr/cms/resource/07/3552607_image2_1.jpg","126.4220098576","33.2474788502","베릿네오름"
"제주특별자치도 서귀포시 성산읍 고성리","39","2798131","12","http://tong.visitkorea.or.kr/cms/resource/86/3550586_image2_1.jpg","126.9262142246","33.4548306763","성산포JC공원"
"제주특별자치도 서귀포시 성산읍 성산등용로 129-21","39","2800664","12","http://tong.visitkorea.or.kr/cms/resource/00/3550600_image2_1.jpg","126.9299218287","33.4725482235","제주 성산항"
"제주특별자치도 제주시 중앙로14길 21 (삼도이동)","39","2852695","12","http://tong.visitkorea.or.kr/cms/resource/94/3552794_image2_1.jpg","126.5221091172","33.5111846177","예술공간 이아"
"제주특별자치도 서귀포시 성산읍 섭지코지로25번길 34","39","3012012","12","http://tong.visitkorea.or.kr/cms/resource/69/3011969_image2_1.jpg","126.9195734269","33.4421097515","석예원 본초 족욕 성산점"
"제주특별자치도 서귀포시 성산읍 동류암로 8","39","3015172","12","http://tong.visitkorea.or.kr/cms/resource/61/3013261_image2_1.jpg","126.9192593887","33.4497589013","졸띠유채밭"
"제주특별자치도 제주시 구좌읍 문주란로","39","126445","12","http://tong.visitkorea.or.kr/cms/resource/60/3554060_image2_1.jpg","126.9083420420","33.5202314920","제주 토끼섬 문주란 자생지"
"제주특별자치도 제주시 우도면 우도봉길 105","39","129147","12","http://tong.visitkorea.or.kr/cms/resource/35/3554035_image2_1.jpg","126.9665931996","33.4920855483","우도 등대"
"제주특별자치도 제주시 도공로 2","39","2794659","12","http://tong.visitkorea.or.kr/cms/resource/41/3553941_image2_1.jpg","126.4650003076","33.5061675974","도두항"
"제주특별자치도 제주시 한경면 낙수로 97","39","128444","12","http://tong.visitkorea.or.kr/cms/resource/76/3553876_image2_1.jpg","126.2264222730","33.3278474553","낙천아홉굿마을"
"제주특별자치도 제주시 애월읍 구엄리","39","2738659","12","http://tong.visitkorea.or.kr/cms/resource/13/3553813_image2_1.jpg","126.3764112840","33.4843297214","구엄포구"
"제주특별자치도 제주시 한경면 용수1길 108","39","2765233","12","http://tong.visitkorea.or.kr/cms/resource/00/3553800_image2_1.jpg","126.1677385965","33.3228915301","용수성지"
"제주특별자치도 서귀포시 성산읍 혼인지로 39-14","39","126465","12","http://tong.visitkorea.or.kr/cms/resource/58/3543058_image2_1.jpg","126.8948511968","33.4147845919","혼인지"
"제주특별자치도 서귀포시 남원읍 한신로531번길 22-1","39","2023350","12","http://tong.visitkorea.or.kr/cms/resource/45/3543045_image2_1.jpg","126.7451829828","33.3203953813","제주 동백마을"
"제주특별자치도 서귀포시 남원읍 신례천로 267-110","39","2740067","12","http://tong.visitkorea.or.kr/cms/resource/99/3400599_image2_1.jpg","126.6304291801","33.3140386947","5.16 도로숲터널"
"제주특별자치도 제주시 추자면","39","127863","12","http://tong.visitkorea.or.kr/cms/resource/00/3539200_image2_1.jpg","126.3076233112","33.9518128033","추자도"
"제주특별자치도 제주시 명림로 430","39","1907801","12","http://tong.visitkorea.or.kr/cms/resource/11/3539011_image2_1.jpg","126.6177605342","33.4498540414","제주4·3평화공원"
"제주특별자치도 서귀포시 쇠소깍로 104 (하효동)","39","129617","12","http://tong.visitkorea.or.kr/cms/resource/99/3536099_image2_1.jpg","126.6224173342","33.2542757170","쇠소깍"
"제주특별자치도 서귀포시 엉또로 104 (강정동)","39","127052","12","http://tong.visitkorea.or.kr/cms/resource/58/3536058_image2_1.jpg","126.4984055673","33.2672723157","엉또폭포"
"제주특별자치도 서귀포시 표선면 가시리","39","572968","12","http://tong.visitkorea.or.kr/cms/resource/05/3535905_image2_1.jpg","126.7503310450","33.3859437827","따라비 오름"
"제주특별자치도 제주시 516로 2596","39","802844","12","http://tong.visitkorea.or.kr/cms/resource/23/3027023_image2_1.jpg","126.5982320810","33.4319418220","한라생태숲"
"제주특별자치도 서귀포시 안덕면 사계리","39","127861","12","http://tong.visitkorea.or.kr/cms/resource/61/3536261_image2_1.jpg","126.3140110065","33.2424277101","제주 서귀포 산방산"
"제주특별자치도 제주시 구좌읍 김녕리","39","3097814","12","http://tong.visitkorea.or.kr/cms/resource/71/3535971_image2_1.jpg","126.7563127037","33.5577304412","세기알해변"
"제주특별자치도 서귀포시 안덕면 광평리","39","2713585","12","","126.3750562608","33.3421787614","왕이메오름"
"제주특별자치도 서귀포시 이어도로 36-24 (중문동)","39","127053","12","http://tong.visitkorea.or.kr/cms/resource/61/3535261_image2_1.jpg","126.4264985478","33.2389326421","대포주상절리"
"제주특별자치도 서귀포시 안덕면 동광로 126","39","2390111","12","http://tong.visitkorea.or.kr/cms/resource/15/3024315_image2_1.jpg","126.3399267501","33.3076403586","동광리농촌체험마을"
"제주특별자치도 서귀포시 산록남로 2847-37","39","2738734","12","http://tong.visitkorea.or.kr/cms/resource/13/3533613_image2_1.jpg","126.5860192949","33.3072442933","상효원수목원"
"제주특별자치도 서귀포시 대정읍 하모이삼로21번길 1","39","1885754","12","http://tong.visitkorea.or.kr/cms/resource/13/3477513_image2_1.jpg","126.2500169782","33.2236315617","가시오름"
"제주특별자치도 제주시 애월읍 봉성리","39","1918421","12","http://tong.visitkorea.or.kr/cms/resource/39/3478039_image2_1.jpg","126.3822415228","33.3522277635","폭낭오름"
"제주특별자치도 서귀포시 산록남로 1966-34 (영남동)","39","2766752","12","http://tong.visitkorea.or.kr/cms/resource/77/2767077_image2_1.jpg","126.4976384869","33.2887088265","제주아이브리조트"
"제주특별자치도 제주시 애월읍 유수암리","39","2765234","12","http://tong.visitkorea.or.kr/cms/resource/15/3531515_image2_1.jpg","126.4075105427","33.3971037558","궷물오름"
"제주특별자치도 제주시 추자면 영흥리","39","129146","12","http://tong.visitkorea.or.kr/cms/resource/97/3528997_image2_1.jpg","126.2964103208","33.9554316656","추자도 등대"
"제주특별자치도 서귀포시 하원동","39","1926354","12","http://tong.visitkorea.or.kr/cms/resource/72/3528372_image2_1.jpg","126.5027115669","33.3545294146","오백나한"
"제주특별자치도 제주시 구좌읍 세화리 2593","39","2740133","12","http://tong.visitkorea.or.kr/cms/resource/32/3528332_image2_1.jpg","126.8302942866","33.4754212946","아끈다랑쉬 오름"
"제주특별자치도 서귀포시 표선면 성읍리","39","2704351","12","http://tong.visitkorea.or.kr/cms/resource/68/3528268_image2_1.jpg","12.79737228191","33.4042093891","영주산"
"제주특별자치도 제주시 아라일동","39","1941153","12","http://tong.visitkorea.or.kr/cms/resource/72/3527472_image2_1.jpg","126.5620989268","33.4398681468","삼의악오름"
"제주특별자치도 제주시 구좌읍 한동리","39","1933208","12","http://tong.visitkorea.or.kr/cms/resource/39/3527439_image2_1.jpg","126.7973021108","33.5012456847","둔지봉"
"제주특별자치도 서귀포시 서홍동","39","127049","12","http://tong.visitkorea.or.kr/cms/resource/76/3527376_image2_1.jpg","126.5468824444","33.2439117723","삼매봉"
"제주특별자치도 제주시 애월읍 수산리 산1-1","39","2714826","12","http://tong.visitkorea.or.kr/cms/resource/26/3527226_image2_1.jpg","126.3828359615","33.4738476510","수산봉"
"제주특별자치도 서귀포시 보목동","39","1918417","12","http://tong.visitkorea.or.kr/cms/resource/21/3527121_image2_1.jpg","126.6095687240","33.2419935340","제지기오름"
"제주특별자치도 제주시 화북일동","39","1069292","12","http://tong.visitkorea.or.kr/cms/resource/05/3527105_image2_1.jpg","126.5531117946","33.5192286663","별도봉"
"제주특별자치도 제주시 우도면 연평리","39","598696","12","http://tong.visitkorea.or.kr/cms/resource/92/3527092_image2_1.jpg","126.9651405598","33.4915605829","소머리오름(우도봉)"
"제주특별자치도 제주시 용담이동","39","2738692","12","http://tong.visitkorea.or.kr/cms/resource/81/3527081_image2_1.jpg","126.5143124879","33.5149285237","용연구름다리"
"제주특별자치도 제주시 구좌읍 중산간동로 2532","39","2704232","12","http://tong.visitkorea.or.kr/cms/resource/23/3527023_image2_1.jpg","126.8086881941","33.4594588218","성불오름"
"제주특별자치도 제주시 애월읍 광령리","39","1973369","12","http://tong.visitkorea.or.kr/cms/resource/14/3527014_image2_1.jpg","126.5199599283","33.3608206597","윗세오름"
"제주특별자치도 제주시 구좌읍 송당리","39","1965800","12","http://tong.visitkorea.or.kr/cms/resource/04/3527004_image2_1.jpg","126.7928118419","33.4573282459","높은오름"
"제주특별자치도 제주시 애월읍 광령리","39","1895611","12","http://tong.visitkorea.or.kr/cms/resource/93/3526993_image2_1.jpg","126.4499096413","33.3969294468","천아오름"
"제주특별자치도 서귀포시 안덕면 사계리","39","128793","12","http://tong.visitkorea.or.kr/cms/resource/89/3526989_image2_1.jpg","126.3092288523","33.2080147675","형제섬"
"제주특별자치도 제주시 구좌읍 송당리","39","1890872","12","http://tong.visitkorea.or.kr/cms/resource/22/3526922_image2_1.jpg","126.7671135570","33.4797309110","뒤굽은이오름"
"제주특별자치도 서귀포시 표선면 성읍이리로57번길 162","39","1887873","12","http://tong.visitkorea.or.kr/cms/resource/94/3526894_image2_1.jpg","126.7682286281","33.4238621040","개오름"
"제주특별자치도 서귀포시 표선면 성읍리","39","1887381","12","http://tong.visitkorea.or.kr/cms/resource/31/3477231_image2_1.jpg","126.8116979172","33.3873529469","갈마못(갈뫼못)"
"제주특별자치도 제주시 애월읍 어음리 산1","39","2765227","12","http://tong.visitkorea.or.kr/cms/resource/66/3523666_image2_1.jpg","126.3752995443","33.3930648051","바리메오름"
"제주특별자치도 제주시 구좌읍 송당리 산 66-2","39","2724387","12","http://tong.visitkorea.or.kr/cms/resource/57/3523657_image2_1.jpg","126.7560844718","33.4573054352","안돌오름"
"제주특별자치도 서귀포시 색달동","39","2662743","12","http://tong.visitkorea.or.kr/cms/resource/48/3523648_image2_1.jpg","126.4139105501","33.2479286727","엉덩물계곡"
"제주특별자치도 제주시 도두항길 4-17 (도두일동)","39","2738665","12","http://tong.visitkorea.or.kr/cms/resource/14/3523614_image2_1.jpg","126.4672362102","33.5067925638","도두봉"
"제주특별자치도 제주시 구좌읍 종달리","39","1918413","12","http://tong.visitkorea.or.kr/cms/resource/85/3523585_image2_1.jpg","126.9020069661","33.4992031582","지미봉"
"제주특별자치도 서귀포시 표선면 가시리","39","1887866","12","http://tong.visitkorea.or.kr/cms/resource/45/3523545_image2_1.jpg","126.7818122232","33.3608276172","갑선이오름"
"제주특별자치도 서귀포시 남원읍 신례리 산 2-1","39","1215292","12","http://tong.visitkorea.or.kr/cms/resource/60/3523460_image2_1.jpg","126.6050441353","33.3642521899","사라오름"
"제주특별자치도 제주시 삼도일동","39","2778044","12","http://tong.visitkorea.or.kr/cms/resource/66/3523366_image2_1.jpg","126.5171791396","33.5045936021","전농로 벚꽃거리"
"제주특별자치도 서귀포시 일주동로 8823","39","2615028","12","http://tong.visitkorea.or.kr/cms/resource/81/3025081_image2_1.jpg","126.5462294883","33.2543967165","서귀포 하논분화구"
"제주특별자치도 서귀포시 안덕면 한창로 775","39","1928430","12","http://tong.visitkorea.or.kr/cms/resource/70/3477170_image2_1.jpg","126.3320881680","33.3243994944","도너리오름"
"제주특별자치도 제주시 조천읍 선교로 569-36","39","1162240","12","http://tong.visitkorea.or.kr/cms/resource/85/3433085_image2_1.jpg","126.7142575546","33.4569020299","제주도 국가지질공원"
"제주특별자치도 서귀포시 산록남로 2847-37 (상효동)","39","264590","12","http://tong.visitkorea.or.kr/cms/resource/95/3035595_image2_1.jpg","126.5860192949","33.3072442933","한라산 백록담"
"제주특별자치도 제주시 조천읍 북촌3길 3","39","2661523","12","http://tong.visitkorea.or.kr/cms/resource/80/3069280_image2_1.jpg","126.6886966222","33.5460528680","북촌리 4·3길"
"제주특별자치도 제주시 한경면 용금로 545","39","1945592","12","http://tong.visitkorea.or.kr/cms/resource/88/3477988_image2_1.jpg","126.2381599336","33.3372049375","송아오름"
"제주특별자치도 서귀포시 남원읍 태위로 522-12","39","600584","12","http://tong.visitkorea.or.kr/cms/resource/67/3024967_image2_1.jpg","126.7028238197","33.2737526275","금호리조트 제주아쿠아나"
"제주특별자치도 서귀포시 월산로 30 (강정동)","39","3071718","12","http://tong.visitkorea.or.kr/cms/resource/87/3071687_image2_1.jpg","126.4943532290","33.2633393524","엉또돌다카페앤농원"
"제주특별자치도 제주시 애월읍 곽지리 1565","39","127870","12","http://tong.visitkorea.or.kr/cms/resource/30/3053130_image2_1.jpg","126.3031045774","33.4485353054","곽지해수욕장"
"제주특별자치도 제주시 구좌읍 김녕로 148-11","39","2027184","12","http://tong.visitkorea.or.kr/cms/resource/35/3408135_image2_1.jpg","126.7536019143","33.5539724801","금룡사(제주)"
"제주특별자치도 서귀포시 안덕면 중산간서로 1881","39","780778","12","http://tong.visitkorea.or.kr/cms/resource/22/3024622_image2_1.jpg","126.3218259602","33.2889726923","이상한나라의 앨리스"
"제주특별자치도 서귀포시 이중섭로 29 (서귀동)","39","1620936","12","http://tong.visitkorea.or.kr/cms/resource/36/3403036_image2_1.jpg","126.5644697732","33.2455202067","이중섭거리"
"제주특별자치도 서귀포시 안덕면 병악로 44-33","39","2753082","12","http://tong.visitkorea.or.kr/cms/resource/61/3368161_image2_1.jpg","126.3647390979","33.2801410085","파더스가든"
"제주특별자치도 제주시 조천읍 조함해안로 519-10","39","126451","12","http://tong.visitkorea.or.kr/cms/resource/00/3354600_image2_1.jpg","126.6683567720","33.5439000013","함덕해수욕장 (함덕 서우봉 해변)"
"제주특별자치도 서귀포시 표선면 녹산로 381-17","39","1812994","12","http://tong.visitkorea.or.kr/cms/resource/62/3071962_image2_1.jpg","126.7356684832","33.3834771540","조랑말체험공원"
"제주특별자치도 서귀포시 표선면 남조로 1487-73","39","1898484","12","http://tong.visitkorea.or.kr/cms/resource/70/3023770_image2_1.jpg","126.6742707606","33.3952748674","붉은오름자연휴양림"
"제주특별자치도 서귀포시 안덕면 평화로319번길 31-11","39","987913","12","http://tong.visitkorea.or.kr/cms/resource/43/3402943_image2_1.jpg","126.3055443214","33.2763404987","점보빌리지"
"제주특별자치도 제주시 1100로 3118","39","2765293","12","","126.4857633249","33.4649252707","귤향기 감귤체험농장"
"제주특별자치도 제주시 추자면 대서리","39","2863882","12","http://tong.visitkorea.or.kr/cms/resource/68/2863868_image2_1.JPG","126.2866221544","33.9612503055","나바론하늘길"
"제주특별자치도 제주시 한림읍 금능남로 76","39","2858860","12","http://tong.visitkorea.or.kr/cms/resource/55/2858455_image2_1.jpg","126.2360869133","33.3811722638","액티브파크 제주"
"제주특별자치도 서귀포시 대정읍 송악관광로 424","39","128802","12","http://tong.visitkorea.or.kr/cms/resource/82/3405582_image2_1.jpg","126.2905304868","33.2074256509","마라도가는여객선"
"제주특별자치도 제주시 한림읍 한림로 176","39","127860","12","http://tong.visitkorea.or.kr/cms/resource/73/3053373_image2_1.jpg","126.2267487402","33.3854910837","금능석물원"
"제주특별자치도 제주시 구좌읍 종달리","39","2779454","12","http://tong.visitkorea.or.kr/cms/resource/58/2799758_image2_1.jpg","126.9111143136","33.5077301412","종달리 수국길"
"제주특별자치도 제주시 한경면 청수리","39","1945414","12","http://tong.visitkorea.or.kr/cms/resource/85/3477985_image2_1.jpg","126.2379580475","33.2978565065","새신오름"
"제주특별자치도 서귀포시 표선면 가시리","39","1884505","12","http://tong.visitkorea.or.kr/cms/resource/92/3477392_image2_1.jpg","126.6876111209","33.4018299117","가문이오름(감은이오름)"
"제주특별자치도 제주시 한림읍 명월리","39","127909","12","http://tong.visitkorea.or.kr/cms/resource/63/3477863_image2_1.jpg","126.2662091182","33.3890302004","명월대"
"제주특별자치도 서귀포시 남원읍 516로 1042","39","1945208","12","http://tong.visitkorea.or.kr/cms/resource/92/3477492_image2_1.jpg","126.6094946439","33.3246677430","수악(물오름)"
"제주특별자치도 제주시 조천읍 교래리","39","1933217","12","http://tong.visitkorea.or.kr/cms/resource/44/3477944_image2_1.jpg","126.6540100777","33.4537041957","바늘오름"
"제주특별자치도 서귀포시 안덕면 상천리","39","1923590","12","http://tong.visitkorea.or.kr/cms/resource/41/3477441_image2_1.jpg","126.3932189204","33.3266196561","하늬복이오름"
"제주특별자치도 제주시 봉개동","39","1889809","12","http://tong.visitkorea.or.kr/cms/resource/47/3478047_image2_1.jpg","126.6125115262","33.4262287923","개오리오름"
"제주특별자치도 서귀포시 표선면 녹산로 554","39","1885746","12","http://tong.visitkorea.or.kr/cms/resource/61/3477261_image2_1.jpg","126.7231832338","33.3931758821","가세오름"
"제주특별자치도 서귀포시 중문상로17번길 51","39","778296","12","http://tong.visitkorea.or.kr/cms/resource/36/3477436_image2_1.jpg","126.4190406356","33.2490452970","광명사(제주)"
"제주특별자치도 제주시 구좌읍 송당리","39","1918646","12","http://tong.visitkorea.or.kr/cms/resource/04/3477804_image2_1.jpg","126.7610119406","33.4521283086","거슨새미오름"
"제주특별자치도 서귀포시 안덕면 동광리","39","1887493","12","http://tong.visitkorea.or.kr/cms/resource/06/3477406_image2_1.jpg","126.3497088457","33.3250274801","감낭오름"
"제주특별자치도 서귀포시 호근동","39","1887368","12","http://tong.visitkorea.or.kr/cms/resource/64/3477364_image2_1.jpg","126.5259918298","33.2777271543","각시바위오름"
"제주특별자치도 제주시 구좌읍 송당리","39","1351320","12","http://tong.visitkorea.or.kr/cms/resource/27/3011827_image2_1.jpg","126.7776133886","33.4473291064","아부오름"
"제주특별자치도 서귀포시 안덕면 감산리","39","126440","12","http://tong.visitkorea.or.kr/cms/resource/10/3023810_image2_1.jpg","126.3529100773","33.2573294533","안덕계곡"
"제주특별자치도 서귀포시 일주서로 1836","39","2940981","12","http://tong.visitkorea.or.kr/cms/resource/85/3423685_image2_1.jpg","126.3219962251","33.2514073999","루나폴"
"제주특별자치도 서귀포시 성산읍 섭지코지로 95","39","2048059","12","http://tong.visitkorea.or.kr/cms/resource/80/2986980_image2_1.jpg","126.9278590339","33.4328331325","아쿠아플라넷 제주"
"제주특별자치도 제주시 한림읍 금악리","39","1926379","12","http://tong.visitkorea.or.kr/cms/resource/89/3077589_image2_1.jpg","126.3302158047","33.3380257364","정물오름"
"제주특별자치도 제주시 우도면 우도해안길 252","39","598558","12","http://tong.visitkorea.or.kr/cms/resource/74/3011874_image2_1.jpg","126.9437532672","33.5026812286","우도산호해변 홍조단괴 서빈백사"
"제주특별자치도 서귀포시 서호동","39","127051","12","http://tong.visitkorea.or.kr/cms/resource/54/3477254_image2_1.jpg","126.5139125656","33.2668281661","고근산"
"제주특별자치도 제주시 애월읍 광령남서길 40","39","2661514","12","http://tong.visitkorea.or.kr/cms/resource/64/3017664_image2_1.jpg","126.4287993085","33.4438100372","휴림"
"제주특별자치도 서귀포시 성산읍 난산리","39","1926601","12","http://tong.visitkorea.or.kr/cms/resource/96/3477496_image2_1.jpg","126.8290126084","33.4081287094","모구리오름"
"제주특별자치도 제주시 한경면 청수리","39","1884191","12","http://tong.visitkorea.or.kr/cms/resource/72/3477972_image2_1.jpg","126.2466098987","33.3057279944","가마오름"
"제주특별자치도 제주시 조천읍 516로 1865","39","126436","12","http://tong.visitkorea.or.kr/cms/resource/04/3077604_image2_1.jpg","126.6203951135","33.3848945984","성판악"
"제주특별자치도 제주시 한경면 고산리","39","2704703","12","http://tong.visitkorea.or.kr/cms/resource/84/3477884_image2_1.jpg","126.1727968238","33.3078071658","당산봉"
"제주특별자치도 서귀포시 표선면 성읍리","39","1928045","12","http://tong.visitkorea.or.kr/cms/resource/83/3477483_image2_1.jpg","126.7728760781","33.3962624499","모지오름"
"제주특별자치도 제주시 서해안로 451 (용담삼동)","39","1925362","12","http://tong.visitkorea.or.kr/cms/resource/14/3053314_image2_1.jpg","126.4875702904","33.5183749384","어영공원"
"제주특별자치도 서귀포시 중문로105번길 37","39","988441","12","http://tong.visitkorea.or.kr/cms/resource/47/3477147_image2_1.jpg","126.5547483594","33.2470559950","선임교"
"제주특별자치도 제주시 구좌읍 종달논길","39","572960","12","http://tong.visitkorea.or.kr/cms/resource/30/3011830_image2_1.jpg","126.8320556271","33.4588064928","용눈이오름"
"제주특별자치도 서귀포시 표선면 토산중앙로16번길 1","39","129381","12","http://tong.visitkorea.or.kr/cms/resource/70/3477470_image2_1.jpg","126.7803857597","33.3085528077","서귀포 알토산마을"
"제주특별자치도 제주시 원당로16길 41","39","126458","12","http://tong.visitkorea.or.kr/cms/resource/19/3477919_image2_1.jpg","126.5984742947","33.5290560802","원당사지"
"제주특별자치도 서귀포시 안덕면 화순서동로 151","39","2738730","12","http://tong.visitkorea.or.kr/cms/resource/90/3370590_image2_1.jpg","126.3323756109","33.2635062261","화순곶자왈 생태탐방숲길"
"제주특별자치도 제주시 애월읍 광령남6길 54","39","2027203","12","http://tong.visitkorea.or.kr/cms/resource/31/3477831_image2_1.jpg","126.4243079199","33.4488149673","백제사"
"제주특별자치도 서귀포시 1100로 823","39","1890152","12","http://tong.visitkorea.or.kr/cms/resource/97/3477397_image2_1.jpg","126.4543696003","33.3073171985","거린사슴"
"제주특별자치도 서귀포시 중산간동로 4778 녹차가공공장","39","3009659","12","http://tong.visitkorea.or.kr/cms/resource/38/3009638_image2_1.jpg","126.7906832086","33.3813449392","성읍녹차마을"
"제주특별자치도 제주시 사라봉동길 61","39","316058","12","http://tong.visitkorea.or.kr/cms/resource/12/3477912_image2_1.jpg","126.5462929822","33.5175093027","보림사(제주)"
"제주특별자치도 제주시 서해안로 630","39","250412","12","http://tong.visitkorea.or.kr/cms/resource/49/3055849_image2_1.jpg","126.5045688690","33.5158588206","용두암해수랜드"
"제주특별자치도 제주시 삼양이동","39","129401","12","http://tong.visitkorea.or.kr/cms/resource/20/3039520_image2_1.jpeg","126.5852560795","33.5255284819","삼양해수욕장"
"제주특별자치도 제주시 제주대학로 102","39","2606696","12","http://tong.visitkorea.or.kr/cms/resource/93/3477793_image2_1.jpg","126.5624123787","33.4579467077","제주대 벚꽃길"
"제주특별자치도 제주시 이도일동","39","1960087","12","http://tong.visitkorea.or.kr/cms/resource/52/3477852_image2_1.jpg","126.5276032002","33.5060574951","귤림서원"
"제주특별자치도 제주시 사라봉동길 61","39","1069144","12","http://tong.visitkorea.or.kr/cms/resource/99/3053499_image2_1.jpg","126.5461513246","33.5176259547","사라봉"
"제주특별자치도 제주시 원당로16길 41","39","317558","12","http://tong.visitkorea.or.kr/cms/resource/77/3053877_image2_1.jpg","126.5978743444","33.5291588377","불탑사(제주)"
"제주특별자치도 서귀포시 1100로 1555","39","1861656","12","http://tong.visitkorea.or.kr/cms/resource/07/3314907_image2_1.jpg","126.4630149420","33.3576728826","1100고지습지"
"제주특별자치도 제주시 아연로 216-5","39","347234","12","http://tong.visitkorea.or.kr/cms/resource/08/1618608_image2_1.jpg","126.5100972799","33.4667615657","월정사(제주)"
"제주특별자치도 제주시 애월읍 중산간서로 6710-1","39","3037417","12","http://tong.visitkorea.or.kr/cms/resource/89/3037389_image2_1.jpg","126.4452558345","33.4605140048","미깡창고"
"제주특별자치도 서귀포시 안덕면 감산리","39","3026668","12","http://tong.visitkorea.or.kr/cms/resource/50/3026650_image2_1.jpg","126.3497828747","33.2436725784","안덕월라봉"
"제주특별자치도 서귀포시 안덕면 신화역사로 15","39","128150","12","http://tong.visitkorea.or.kr/cms/resource/41/3024741_image2_1.jpg","126.2893811780","33.3059564173","서광차밭"
"제주특별자치도 서귀포시 칠십리로 145 (서귀동)","39","1945578","12","http://tong.visitkorea.or.kr/cms/resource/84/3477284_image2_1.jpg","126.5689416339","33.2443787372","소남머리"
"제주특별자치도 제주시 애월읍 하귀동남2길 40-16","39","347233","12","http://tong.visitkorea.or.kr/cms/resource/11/3477811_image2_1.jpg","126.4140192709","33.4778338147","월영사(제주)"
"제주특별자치도 서귀포시 대정읍 상모리","39","128640","12","http://tong.visitkorea.or.kr/cms/resource/62/3024362_image2_1.jpg","126.2727654572","33.2031230704","알뜨르비행장 및 일본군 비행기 격납고"
"제주특별자치도 제주시 사라봉길 75 (건입동)","39","126454","12","http://tong.visitkorea.or.kr/cms/resource/84/3026884_image2_1.jpg","126.5462013564","33.5160372422","사라봉공원"
"제주특별자치도 서귀포시 호근동","39","3071744","12","http://tong.visitkorea.or.kr/cms/resource/19/3071719_image2_1.jpg","126.5262315324","33.2405340402","속골유원지"
"제주특별자치도 제주시 1100로 3198-8","39","2472824","12","http://tong.visitkorea.or.kr/cms/resource/73/2721573_image2_1.png","126.4857714937","33.4721633588","넥슨컴퓨터박물관"
"제주특별자치도 서귀포시 안덕면 사계리","39","2715650","12","http://tong.visitkorea.or.kr/cms/resource/36/3421436_image2_1.jpg","126.3084395842","33.2282014158","사계해변"
"제주특별자치도 서귀포시 표선면 민속해안로 592","39","128794","12","http://tong.visitkorea.or.kr/cms/resource/01/3034601_image2_1.jpg","126.8424244429","33.3256630271","표선해수욕장"
"제주특별자치도 서귀포시 안덕면 화순해안로","39","126443","12","http://tong.visitkorea.or.kr/cms/resource/52/3023852_image2_1.jpg","126.3335149080","33.2407004292","화순금모래해수욕장"
"제주특별자치도 서귀포시 표선면 녹산로 464-78","39","3026711","12","http://tong.visitkorea.or.kr/cms/resource/92/3026692_image2_1.jpg","126.7341100468","33.3939370848","가시리국산화풍력발전단지"
"제주특별자치도 서귀포시 대정읍 형제해안로 192","39","2715648","12","http://tong.visitkorea.or.kr/cms/resource/81/3024681_image2_1.jpg","126.2931467063","33.2173857035","발자국화석공원"
"제주특별자치도 제주시 1100로 2528-111 (노형동)","39","482093","12","http://tong.visitkorea.or.kr/cms/resource/37/3034437_image2_1.jpg","126.4939972225","33.4082872226","천왕사(제주)"
"제주특별자치도 서귀포시 성산읍 섭지코지로 107","39","126447","12","http://tong.visitkorea.or.kr/cms/resource/02/3024202_image2_1.jpg","126.9280674087","33.4302500880","신양섭지해수욕장"
"제주특별자치도 서귀포시 강정동","39","1936039","12","http://tong.visitkorea.or.kr/cms/resource/36/3026836_image2_1.jpg","126.4927119133","33.2540292433","서건도"
"제주특별자치도 서귀포시 성산읍 오조로 85","39","129071","12","http://tong.visitkorea.or.kr/cms/resource/40/3477340_image2_1.jpg","126.9229030466","33.4701955919","오조마을"
"제주특별자치도 서귀포시 1100로 882","39","128175","12","http://tong.visitkorea.or.kr/cms/resource/27/3023727_image2_1.jpg","126.4630826543","33.3108197268","서귀포자연휴양림"
"제주특별자치도 제주시 조천읍 비자림로 606","39","128049","12","http://tong.visitkorea.or.kr/cms/resource/45/3034545_image2_1.jpg","126.6745670935","33.4332262333","제주 센트럴파크"
"제주특별자치도 서귀포시 남성중로 43 (서홍동)","39","601489","12","http://tong.visitkorea.or.kr/cms/resource/87/3035387_image2_1.jpg","126.5582787717","33.2398207377","서귀포해양도립공원"
"제주특별자치도 서귀포시 성산읍 신풍하동로 39","39","2661821","12","http://tong.visitkorea.or.kr/cms/resource/46/3024046_image2_1.jpg","126.8405765535","33.3619034434","신풍리 밭담길"
"제주특별자치도 서귀포시 516로 815-41 효명사","39","3026604","12","http://tong.visitkorea.or.kr/cms/resource/93/3026593_image2_1.jpg","126.5941765584","33.3233287582","효명사"
"제주특별자치도 제주시 애월읍 유수암평화길 14","39","2045014","12","http://tong.visitkorea.or.kr/cms/resource/25/3477725_image2_1.jpg","126.4030877096","33.4413793435","유수암마을"
"제주특별자치도 제주시 동문로16길 17-4 (일도이동)","39","1906211","12","http://tong.visitkorea.or.kr/cms/resource/20/3384820_image2_1.jpg","126.5349218725","33.5120458378","두맹이골목"
"제주특별자치도 제주시 동회천1길 23","39","2469467","12","http://tong.visitkorea.or.kr/cms/resource/88/3396588_image2_1.jpg","126.6172288105","33.5031897997","맥파이 브루어리"
"제주특별자치도 제주시 한림읍 한창로 897","39","2638441","12","http://tong.visitkorea.or.kr/cms/resource/95/2676395_image2_1.JPG","126.3256857208","33.3345121647","제주탐나라공화국"
"제주특별자치도 제주시 도두일동 1734","39","2714306","12","http://tong.visitkorea.or.kr/cms/resource/16/3384416_image2_1.jpg","126.4724745846","33.5093895815","제주 무지개해안도로"
"제주특별자치도 제주시 516로 3041-24","39","126461","12","http://tong.visitkorea.or.kr/cms/resource/86/3384586_image2_1.jpg","126.5547604989","33.4476699442","산천단곰솔"
"제주특별자치도 제주시 명림로 520","39","1672315","12","http://tong.visitkorea.or.kr/cms/resource/67/3389767_image2_1.jpg","126.6266209993","33.4444547805","제주 노루생태관찰원"
"제주특별자치도 제주시 조천읍 신촌리","39","2872927","12","http://tong.visitkorea.or.kr/cms/resource/79/3389779_image2_1.jpg","126.6131117136","33.5377303544","신촌 4·3 성터"
"제주특별자치도 제주시 애월읍 하가로","39","126473","12","http://tong.visitkorea.or.kr/cms/resource/92/3396892_image2_1.jpg","126.3475200185","33.4547464297","연화못(하가못)"
"제주특별자치도 제주시 조천읍 함와로 566-27","39","2763726","12","http://tong.visitkorea.or.kr/cms/resource/64/3396964_image2_1.jpg","126.6767932932","33.4939389994","제주 스위스마을"
"제주특별자치도 제주시 애월읍 애월해안로 713","39","129073","12","http://tong.visitkorea.or.kr/cms/resource/79/3384779_image2_1.jpg","126.3772556628","33.4839964391","구엄어촌체험마을"
"제주특별자치도 제주시 조천읍 선교로 569-36","39","2774278","12","http://tong.visitkorea.or.kr/cms/resource/62/3400662_image2_1.jpg","126.7142936617","33.4569075855","선흘2리마을"
"제주특별자치도 제주시 애월읍 무수천길","39","126467","12","http://tong.visitkorea.or.kr/cms/resource/42/3384742_image2_1.jpg","126.4470472947","33.4627665614","무수천"
"제주특별자치도 제주시 조천읍 신흥로1길 25","39","129402","12","http://tong.visitkorea.or.kr/cms/resource/40/3384840_image2_1.jpg","126.6505304610","33.5474965400","방사탑(제주)"
"제주특별자치도 제주시 한경면 중산간서로","39","1351196","12","http://tong.visitkorea.or.kr/cms/resource/30/3400730_image2_1.jpg","126.2517754921","33.3338221918","저지오름(닥몰오름,새오름)"
"제주특별자치도 제주시 조천읍 일주동로 884","39","1621032","12","http://tong.visitkorea.or.kr/cms/resource/18/3384918_image2_1.jpg","126.6362431688","33.5319646966","평화통일 불사리탑"
"제주특별자치도 제주시 애월읍 부룡수길 35-14","39","2759120","12","http://tong.visitkorea.or.kr/cms/resource/81/3396881_image2_1.jpg","126.3568659412","33.4763969581","고스트타운"
"제주특별자치도 제주시 조천읍 번영로 1278-169","39","1146121","12","http://tong.visitkorea.or.kr/cms/resource/43/3396943_image2_1.jpg","126.6670616591","33.4564874302","에코랜드테마파크"
"제주특별자치도 제주시 구좌읍 해녀박물관길 26","39","1621118","12","http://tong.visitkorea.or.kr/cms/resource/07/3384607_image2_1.jpg","126.8639930584","33.5225027447","제주해녀항일운동기념탑"
"제주특별자치도 제주시 사라봉동길 108-1","39","129148","12","http://tong.visitkorea.or.kr/cms/resource/39/3384639_image2_1.jpg","126.5456624039","33.5209144715","산지 등대"
"제주특별자치도 제주시 구좌읍 평대리 1994-20","39","2723555","12","http://tong.visitkorea.or.kr/cms/resource/61/3396561_image2_1.jpg","126.8406003954","33.5332400681","평대해변"
"제주특별자치도 제주시 사라봉길 75","39","127055","12","http://tong.visitkorea.or.kr/cms/resource/89/3400689_image2_1.jpg","126.5470457247","33.5161733522","사라봉(모충사) 의병항쟁기념탑"
"제주특별자치도 제주시 애월읍 구몰동길 65","39","2738675","12","http://tong.visitkorea.or.kr/cms/resource/59/3399959_image2_1.jpg","126.3071574318","33.4293874894","선운정사"
"제주특별자치도 제주시 한림읍 월령리","39","2742357","12","http://tong.visitkorea.or.kr/cms/resource/84/3399984_image2_1.jpg","126.2157082002","33.3780278479","월령 선인장군락지"
"제주특별자치도 제주시 한경면 저지14길 28-4","39","2765268","12","http://tong.visitkorea.or.kr/cms/resource/29/3400929_image2_1.jpg","126.2671268084","33.3395412444","저지문화예술인마을"
"제주특별자치도 제주시 구좌읍 종달리","39","2602741","12","http://tong.visitkorea.or.kr/cms/resource/71/3368571_image2_1.jpg","126.9017240330","33.4829243983","종달리 해안도로"
"제주특별자치도 제주시 은수길 69","39","2553685","12","http://tong.visitkorea.or.kr/cms/resource/89/3372289_image2_1.jpg","126.4879352279","33.4706885565","수목원테마파크(아이스뮤지엄)"
"제주특별자치도 제주시 한경면 고산리 3760","39","126434","12","http://tong.visitkorea.or.kr/cms/resource/12/3354312_image2_1.jpg","126.1634201497","33.2947890147","수월봉"
"제주특별자치도 제주시 한림읍 산록남로 53","39","2606298","12","http://tong.visitkorea.or.kr/cms/resource/31/3350731_image2_1.jpg","126.3267463901","33.3501687835","성이시돌목장"
"제주특별자치도 제주시 도리로","39","126448","12","http://tong.visitkorea.or.kr/cms/resource/66/3354566_image2_1.jpg","126.4531570913","33.4974183784","이호테우해변"
"제주특별자치도 제주시 구좌읍 종달리 112-1","39","2791450","12","http://tong.visitkorea.or.kr/cms/resource/31/3355631_image2_1.jpg","126.9065285449","33.5100909170","성산세화해안도로"
"제주특별자치도 제주시 조천읍 비자림로 768","39","126474","12","http://tong.visitkorea.or.kr/cms/resource/55/3354255_image2_1.jpg","126.6928183084","33.4323127375","산굼부리"
"제주특별자치도 제주시 한림읍 금능농공길 62-11","39","2503694","12","","126.2412647465","33.3584804108","제주맥주"
"제주특별자치도 제주시 조천읍 남조로 2243","39","2633955","12","http://tong.visitkorea.or.kr/cms/resource/96/3332496_image2_1.jpg","126.6596065516","33.4652169011","서프라이즈 테마파크"
"제주특별자치도 제주시 선돌목동길 60 (오등동)","39","745313","12","http://tong.visitkorea.or.kr/cms/resource/20/3308520_image2_1.jpg","126.5491971626","33.4446063059","제주별빛누리공원"
"제주특별자치도 제주시 한경면 청수리","39","2948051","12","","126.2503099104","33.2907297100","산양큰엉곶"
"제주특별자치도 서귀포시 남원읍 하례로 504","39","2765280","12","","126.6165503401","33.2913520887","하례감귤체험농장"
"제주특별자치도 서귀포시 표선면 번영로 2644","39","2418778","12","http://tong.visitkorea.or.kr/cms/resource/06/3390006_image2_1.jpg","126.7847499840","33.3990984383","다이나믹 메이즈 제주"
"제주특별자치도 제주시 애월읍 도치돌길 303","39","3112043","12","","126.3667721330","33.4097517134","도치돌목장"
"제주특별자치도 제주시 한경면 저지14길 35","39","597562","14","http://tong.visitkorea.or.kr/cms/resource/50/3553250_image2_1.jpg","126.2656713719","33.3398745180","제주현대미술관"
"제주특별자치도 서귀포시 남성중로153번길 15 (서홍동)","39","1939093","14","http://tong.visitkorea.or.kr/cms/resource/49/3383849_image2_1.jpg","126.5519736490","33.2448561932","삼매봉도서관"
"제주특별자치도 제주시 조천읍 남조로 2023","39","1544730","14","http://tong.visitkorea.or.kr/cms/resource/84/3586284_image2_1.jpg","126.6640038158","33.4466495807","제주돌문화공원"
"제주특별자치도 제주시 산록북로 421-1 (오라이동)","39","2905116","14","http://tong.visitkorea.or.kr/cms/resource/58/3585158_image2_1.jpg","126.5314546657","33.4266496763","제주과학탐구체험관"
"제주특별자치도 서귀포시 표선면 민속해안로 631-34","39","130474","14","http://tong.visitkorea.or.kr/cms/resource/43/3534943_image2_1.jpg","126.8431022619","33.3213162956","제주민속촌"
"제주특별자치도 서귀포시 중문관광로 224","39","130877","14","http://tong.visitkorea.or.kr/cms/resource/10/3582910_image2_1.jpg","126.4244958917","33.2412740186","제주국제컨벤션센터"
"제주특별자치도 서귀포시 중문관광로 227-24","39","130872","14","http://tong.visitkorea.or.kr/cms/resource/36/3577136_image2_1.jpg","126.4220626997","33.2443708606","제주국제평화센터"
"제주특별자치도 제주시 중앙로 2","39","129895","14","http://tong.visitkorea.or.kr/cms/resource/44/3411244_image2_1.jpg","126.5243032176","33.5179061303","제주 탑동해변공연장"
"제주특별자치도 서귀포시 이어도로 49","39","130180","14","http://tong.visitkorea.or.kr/cms/resource/15/3548215_image2_1.jpg","126.4290955229","33.2398992429","아프리카 박물관"
"제주특별자치도 서귀포시 중산간서로 1403","39","526666","14","http://tong.visitkorea.or.kr/cms/resource/33/3024533_image2_1.jpg","126.3701775526","33.2784468371","제주유리박물관"
"제주특별자치도 제주시 산지로 23","39","2834656","14","http://tong.visitkorea.or.kr/cms/resource/37/3556937_image2_1.jpg","126.5293750659","33.5149843124","아라리오뮤지엄 동문모텔2"
"제주특별자치도 서귀포시 성산읍 섭지코지로 107","39","2717330","14","http://tong.visitkorea.or.kr/cms/resource/11/3548711_image2_1.jpg","126.9246787370","33.4335552242","유민 아르누보 뮤지엄"
"제주특별자치도 서귀포시 남성중로153번길 15","39","129767","14","http://tong.visitkorea.or.kr/cms/resource/41/3548141_image2_1.jpg","126.5512403807","33.2447978549","서귀포시립기당미술관"
"제주특별자치도 서귀포시 동홍로 30 (동홍동)","39","130193","14","http://tong.visitkorea.or.kr/cms/resource/24/3548124_image2_1.jpg","126.5688303839","33.2509974498","서귀포문화원"
"제주특별자치도 서귀포시 성산읍 삼달로 137","39","130723","14","http://tong.visitkorea.or.kr/cms/resource/57/3548157_image2_1.jpg","126.8542667942","33.3724080600","김영갑갤러리두모악"
"제주특별자치도 제주시 삼성로 46 (일도이동)","39","130745","14","http://tong.visitkorea.or.kr/cms/resource/56/3552956_image2_1.jpg","126.5306251413","33.5068796745","제주통일관"
"제주특별자치도 서귀포시 안덕면 중산간서로 1610","39","596964","14","http://tong.visitkorea.or.kr/cms/resource/03/3548503_image2_1.jpg","126.3499458641","33.2834376347","세계자동차&피아노 박물관"
"제주특별자치도 서귀포시 태평로 284","39","1220821","14","http://tong.visitkorea.or.kr/cms/resource/10/3548310_image2_1.jpg","126.5516736169","33.2474447916","세계조가비박물관"
"제주특별자치도 서귀포시 중문관광로 42","39","1883815","14","http://tong.visitkorea.or.kr/cms/resource/96/3548296_image2_1.jpg","126.4092858005","33.2546667452","박물관은살아있다 제주"
"제주특별자치도 서귀포시 안덕면 한창로 340","39","1911160","14","http://tong.visitkorea.or.kr/cms/resource/80/3548380_image2_1.jpg","126.3521344149","33.2900841569","헬로키티아일랜드"
"제주특별자치도 제주시 조천읍 일주동로 1189","39","1939078","14","http://tong.visitkorea.or.kr/cms/resource/88/3553088_image2_1.jpg","126.6676791949","33.5377090094","조천읍도서관"
"제주특별자치도 서귀포시 대정읍 추사로 44","39","2406460","14","http://tong.visitkorea.or.kr/cms/resource/71/3548271_image2_1.jpg","126.2785639201","33.2498068953","제주 추사관"
"제주특별자치도 서귀포시 안덕면 한창로 243","39","2606211","14","http://tong.visitkorea.or.kr/cms/resource/66/3548566_image2_1.jpg","126.3553982011","33.2819712150","피규어뮤지엄제주"
"제주특별자치도 서귀포시 표선면 가시로613번길 46","39","2606611","14","http://tong.visitkorea.or.kr/cms/resource/93/3547993_image2_1.jpg","126.7719520840","33.3556696951","자연사랑미술관"
"제주특별자치도 서귀포시 칠십리로214번길 30","39","2606690","14","http://tong.visitkorea.or.kr/cms/resource/93/3548093_image2_1.jpg","126.5736773135","33.2453287076","왈종미술관"
"제주특별자치도 서귀포시 안덕면 녹차분재로 218","39","2661407","14","http://tong.visitkorea.or.kr/cms/resource/84/3546884_image2_1.jpg","126.2996275451","33.3043706422","제주항공우주박물관"
"제주특별자치도 서귀포시 안덕면 평화로 654","39","2751836","14","http://tong.visitkorea.or.kr/cms/resource/82/3548182_image2_1.jpg","126.3278198313","33.2913419690","바이나흐튼 크리스마스박물관"
"제주특별자치도 서귀포시 성산읍 서성일로 689-21","39","2751843","14","http://tong.visitkorea.or.kr/cms/resource/47/3548447_image2_1.jpg","126.8551404096","33.4295156573","제주해양동물박물관"
"제주특별자치도 서귀포시 표선면 한마음초등로 431","39","2763826","14","http://tong.visitkorea.or.kr/cms/resource/89/3548789_image2_1.jpg","126.8176314979","33.3540344982","세계술박물관"
"제주특별자치도 제주시 관덕로8길 17 (이도일동)","39","2778915","14","http://tong.visitkorea.or.kr/cms/resource/14/3553414_image2_1.jpg","126.5234478780","33.5116956936","나이롱책방"
"제주특별자치도 제주시 우도면 우도해안길 530","39","2778939","14","http://tong.visitkorea.or.kr/cms/resource/00/3553400_image2_1.jpg","126.9484913275","33.5207431980","밤수지맨드라미 북스토어"
"제주특별자치도 서귀포시 성산읍 서성일로1168번길 89-17","39","2791473","14","http://tong.visitkorea.or.kr/cms/resource/83/3548483_image2_1.jpg","126.8991669121","33.4398957772","제주커피박물관 바움"
"제주특별자치도 제주시 조천읍 신흥로 1","39","2798046","14","http://tong.visitkorea.or.kr/cms/resource/71/3552971_image2_1.jpg","126.6531914254","33.5437886593","김택화 미술관"
"제주특별자치도 서귀포시 성산읍 서성일로1168번길 89-17","39","2931892","14","http://tong.visitkorea.or.kr/cms/resource/19/3548819_image2_1.jpg","117.9925662504","19.6944274800","빛의 벙커"
"제주특별자치도 제주시 연북로 339 (도남동)","39","2949573","14","http://tong.visitkorea.or.kr/cms/resource/29/2949529_image2_1.JPG","126.5178573851","33.4813850713","제주문학관"
"제주특별자치도 제주시 오남로 231 제주아트센터","39","1755806","14","http://tong.visitkorea.or.kr/cms/resource/56/3400756_image2_1.jpg","126.5155327293","33.4751107281","제주아트센터"
"제주특별자치도 제주시 선덕로 23 (연동)","39","3066924","14","http://tong.visitkorea.or.kr/cms/resource/08/3066908_image2_1.jpg","126.4991894640","33.4857565119","제주웰컴센터"
"제주특별자치도 제주시 노을해안로 1100","39","2986689","14","http://tong.visitkorea.or.kr/cms/resource/87/2986687_image2_1.jpg","126.1659113851","33.3044852037","제주고산리유적안내센터"
"제주특별자치도 서귀포시 중산간서로 97-1","39","130141","14","http://tong.visitkorea.or.kr/cms/resource/79/3077579_image2_1.jpg","126.4984223827","33.2605730556","한국야구명예전당"
"제주특별자치도 제주시 우도면 우도해안길 32-12","39","2811110","14","","126.9549441872","33.4930408093","훈데르트바서파크"
"제주특별자치도 제주시 1100로 2894-78","39","759595","14","http://tong.visitkorea.or.kr/cms/resource/70/3053670_image2_1.jpg","126.4897521473","33.4525489265","제주특별자치도립미술관"
"제주특별자치도 서귀포시 1100로 506-1 천문과학문화관","39","988207","14","http://tong.visitkorea.or.kr/cms/resource/54/3477154_image2_1.jpg","126.4604111560","33.2888776636","서귀포천문과학문화관"
"제주특별자치도 서귀포시 성산읍 일출로 284-34","39","770036","14","http://tong.visitkorea.or.kr/cms/resource/46/3024646_image2_1.jpg","126.9388907191","33.4628688824","성산포 해녀물질공연장"
"제주특별자치도 제주시 조천읍 선교로 115-1","39","2660122","14","http://tong.visitkorea.or.kr/cms/resource/49/3477649_image2_1.jpg","126.7069686133","33.4868513788","제주라프"
"제주특별자치도 서귀포시 중문관광로110번길 15","39","1737497","14","http://tong.visitkorea.or.kr/cms/resource/17/3023917_image2_1.jpg","126.4133188934","33.2497673500","초콜릿랜드"
"제주특별자치도 제주시 애월읍 평화로 2159","39","696841","14","http://tong.visitkorea.or.kr/cms/resource/98/3034398_image2_1.jpg","126.3935836397","33.4120435500","테디베어하우스 테지움"
"제주특별자치도 서귀포시 칠십리로 156-8","39","130682","14","http://tong.visitkorea.or.kr/cms/resource/51/3023951_image2_1.jpg","126.5706414743","33.2449259259","서복전시관"
"제주특별자치도 제주시 한림읍 금능남로 421","39","130856","14","http://tong.visitkorea.or.kr/cms/resource/44/3477744_image2_1.jpg","126.2537526540","33.3537783490","제주돌마을공원"
"제주특별자치도 제주시 삼성로 40","39","129894","14","","126.5313500889","33.5064214033","제주특별자치도민속자연사박물관"
"제주특별자치도 제주시 산지로 7","39","2031663","14","http://tong.visitkorea.or.kr/cms/resource/30/3396630_image2_1.jpg","126.5304138429","33.5159064490","김만덕기념관"
"제주특별자치도 제주시 한경면 용수1길 108","39","2752772","14","http://tong.visitkorea.or.kr/cms/resource/88/3396988_image2_1.jpg","126.1677385965","33.3228915301","성김대건신부표착기념관"
"제주특별자치도 제주시 노형로 89","39","2740014","14","http://tong.visitkorea.or.kr/cms/resource/82/3350682_image2_1.jpg","126.4552187560","33.4650081095","노형수퍼마켙"
"제주특별자치도 제주시 조천읍 신북로 303","39","130308","14","http://tong.visitkorea.or.kr/cms/resource/29/3333429_image2_1.jpg","126.6407703457","33.5410109898","제주항일기념관"
"제주특별자치도 제주시 조천읍 조함해안로 525","39","1019773","15","http://tong.visitkorea.or.kr/cms/resource/96/3576396_image2_1.JPG","126.6690845131","33.5427390309","제주레저힐링축제"
"제주특별자치도 서귀포시 남성중로 2-9 (서홍동)","39","3014969","15","http://tong.visitkorea.or.kr/cms/resource/69/3562069_image2_1.jpg","126.5598424335","33.2438675382","문화의 달 행사"
"제주특별자치도 제주시 사라봉동길 30 (건입동)","39","3349628","15","http://tong.visitkorea.or.kr/cms/resource/29/3560629_image2_1.jpg","126.5478984552","33.5149873859","제주독서대전"
"제주특별자치도 서귀포시 칠십리로 120-12 (서귀동)","39","3554702","15","http://tong.visitkorea.or.kr/cms/resource/00/3554700_image2_1.jpg","126.5675084795","33.2419428720","원도심 야간여행 ‘섬夜시즌’ 운영"
"제주특별자치도 제주시 중앙로 2 (삼도이동)","39","3546882","15","http://tong.visitkorea.or.kr/cms/resource/81/3546881_image2_1.jpg","126.5246670689","33.5181838831","2025 음악실연자 페스티벌"
"제주특별자치도 제주시 중앙로3길 36 (일도일동)","39","1690237","15","http://tong.visitkorea.or.kr/cms/resource/22/3529822_image2_1.jpg","126.5283445957","33.5151787191","산지천축제"
"제주특별자치도 서귀포시 쇠소깍로 151-1 (하효동)","39","577899","15","http://tong.visitkorea.or.kr/cms/resource/80/3358380_image2_1.jpg","126.6215230516","33.2505344492","쇠소깍축제"
"제주특별자치도 제주시 화북이동","39","3011941","15","http://tong.visitkorea.or.kr/cms/resource/84/3540884_image2_1.jpg","126.5658911161","33.5246449368","화북, 포구문화제"
"제주특별자치도 서귀포시 칠십리로72번길 18 (서귀동)","39","3374822","15","http://tong.visitkorea.or.kr/cms/resource/68/3520768_image2_1.JPG","126.5656503433","33.2403346868","서귀포은갈치축제"
"제주특별자치도 서귀포시 중문관광로 93 (색달동)","39","3525093","15","http://tong.visitkorea.or.kr/cms/resource/92/3525092_image2_1.jpg","126.4145798438","33.2520782258","2025 제주식품대전 with 맥주축제"
"제주특별자치도 제주시 연삼로 286 (도남동)","39","2997830","15","http://tong.visitkorea.or.kr/cms/resource/39/3524439_image2_1.jpg","126.5238621803","33.4918756720","2025 제주 반려동물 문화산업 한마당"
"제주특별자치도 제주시 한림읍 협재리","39","2555759","15","http://tong.visitkorea.or.kr/cms/resource/40/3518240_image2_1.JPG","126.2340841383","33.3888630479","금능원담축제"
"제주특별자치도 제주시 이호일동","39","2998500","15","http://tong.visitkorea.or.kr/cms/resource/18/3503318_image2_1.jpg","126.4529904366","33.4975266969","제주한잔 우리술 페스티벌"
"제주특별자치도 서귀포시 표선면 민속해안로 11","39","733613","32","http://tong.visitkorea.or.kr/cms/resource/19/729219_image2_1.jpg","126.8064363380","33.3060923857","아망뜨펜션(제주)"
"제주특별자치도 제주시 애월읍 고내로13길 59","39","905600","32","","126.3455948543","33.4694947659","제주 뉴오션리조트"
"제주특별자치도 서귀포시 중문관광로72번길 75","39","142946","32","http://tong.visitkorea.or.kr/cms/resource/93/3538893_image2_1.jpg","126.4087304418","33.2480035829","제주신라호텔"
"제주특별자치도 서귀포시 안덕면 상천리","39","1894943","32","http://tong.visitkorea.or.kr/cms/resource/01/3569801_image2_1.jpg","126.3875196113","33.3178733106","포도호텔"
"제주특별자치도 제주시 사장1길 26 (연동)","39","3089161","32","http://tong.visitkorea.or.kr/cms/resource/60/3089160_image2_1.jpg","126.4928539116","33.4853925632","호텔컬리넌 제주"
"제주특별자치도 제주시 한림읍 화전길 82","39","3084988","32","http://tong.visitkorea.or.kr/cms/resource/35/3084635_image2_1.jpg","126.3672651377","33.3481279810","아덴힐리조트&골프"
"제주특별자치도 서귀포시 표선면 가시로 383","39","3031581","32","http://tong.visitkorea.or.kr/cms/resource/79/3031579_image2_1.jpg","126.7869121327","33.3454127339","카세로지"
"제주특별자치도 제주시 애월읍 신엄9길 46","39","735314","32","http://tong.visitkorea.or.kr/cms/resource/63/2848463_image2_1.jpg","126.3666540021","33.4753472289","까델아스"
"제주특별자치도 서귀포시 중산간서로157번길 28-6 (강정동)","39","2926949","32","http://tong.visitkorea.or.kr/cms/resource/34/2926934_image2_1.jpg","126.4943561301","33.2578066302","제주엠리조트"
"제주특별자치도 제주시 조천읍 조함해안로 492-5","39","139008","32","http://tong.visitkorea.or.kr/cms/resource/86/2596486_image2_1.jpg","126.6654098459","33.5421529255","비치스토리호텔"
"제주특별자치도 제주시 애월읍 고내로13길 100","39","3084957","32","http://tong.visitkorea.or.kr/cms/resource/26/3084826_image2_1.jpg","126.3489500598","33.4720973090","리치호텔"
"제주특별자치도 제주시 애월읍 화전길 201","39","984562","32","http://tong.visitkorea.or.kr/cms/resource/34/3478034_image2_1.jpg","126.3802668112","33.3469894223","타미우스골프&빌리지"
"제주특별자치도 제주시 삼무로 76 (연동)","39","3089195","32","http://tong.visitkorea.or.kr/cms/resource/87/3089187_image2_1.jpg","126.4947508744","33.4895893506","어반아일랜드호텔"
"제주특별자치도 제주시 삼무로 57 (연동)","39","3089186","32","http://tong.visitkorea.or.kr/cms/resource/82/3089182_image2_1.jpg","126.4926621543","33.4901448115","글로스터호텔 제주"
"제주특별자치도 제주시 애월읍 애월해안로 218","39","1853848","32","http://tong.visitkorea.or.kr/cms/resource/20/3478020_image2_1.jpg","126.3356596732","33.4665921534","바다하우스"
"제주특별자치도 서귀포시 일주동로 8941 (호근동)","39","137788","32","http://tong.visitkorea.or.kr/cms/resource/45/3569245_image2_1.jpg","126.5360193536","33.2503192271","서귀포 귤림성"
"제주특별자치도 서귀포시 칠십리로 242","39","142965","32","http://tong.visitkorea.or.kr/cms/resource/06/3564306_image2_1.jpg","126.5808072727","33.2443539282","서귀포칼호텔 (서귀포KAL호텔)"
"제주특별자치도 서귀포시 대정읍 노을해안로 416","39","1897905","32","http://tong.visitkorea.or.kr/cms/resource/64/3562864_image2_1.jpg","126.1903769911","33.2562936895","노을담은뜨락"
"제주특별자치도 서귀포시 태평로 432","39","2634320","32","","126.5663918312","33.2454341363","아인스 호스텔"
"제주특별자치도 서귀포시 중문관광로72번길 35","39","143025","32","http://tong.visitkorea.or.kr/cms/resource/46/3538946_image2_1.jpg","126.4105247144","33.2487146442","롯데호텔 제주"
"제주특별자치도 제주시 구좌읍 덕행로 450-23","39","1821483","32","http://tong.visitkorea.or.kr/cms/resource/88/3546888_image2_1.jpg","126.7784506914","33.5133329329","제주올레하우스"
"제주특별자치도 제주시 애월읍 유수암평화5길 34-29","39","1887546","32","http://tong.visitkorea.or.kr/cms/resource/14/3552914_image2_1.jpg","126.4050490077","33.4254894659","프레리아 커플 독채펜션"
"제주특별자치도 제주시 원노형3길 41 메이플호텔","39","1932636","32","http://tong.visitkorea.or.kr/cms/resource/30/2688230_image2_1.jpg","126.4817104098","33.4865589227","제주 메이플호텔"
"제주특별자치도 제주시 서광로14길 5","39","2019719","32","http://tong.visitkorea.or.kr/cms/resource/38/3457838_image2_1.jpg","126.5179180807","33.4994636267","제주알(R)호텔"
"제주특별자치도 서귀포시 성산읍 동류암로 20","39","2757210","32","","126.9182122544","33.4498866488","플레이스 캠프 제주(Playce camp Jeju)"
"제주특별자치도 서귀포시 안덕면 사계중앙로 41-15","39","2707417","32","http://tong.visitkorea.or.kr/cms/resource/36/2707436_image2_1.jpg","126.2980682613","33.2282179181","서툰가족"
"제주특별자치도 제주시 애월읍 애월해안로 298","39","977101","32","http://tong.visitkorea.or.kr/cms/resource/75/2611075_image2_1.JPG","126.3416562839","33.4705668076","애월해안누리(구 하얀둥지)"
"제주특별자치도 제주시 애월읍 애월로1길 8","39","137476","32","http://tong.visitkorea.or.kr/cms/resource/08/2650208_image2_1.jpg","126.3117312768","33.4631615996","토비스콘도 제주"
"제주특별자치도 서귀포시 성산읍 한도로242번길 10-11","39","733540","32","http://tong.visitkorea.or.kr/cms/resource/71/3477371_image2_1.jpg","126.9317051480","33.4664517038","보물섬펜션"
"제주특별자치도 서귀포시 색달로61번길 59-8","39","733622","32","http://tong.visitkorea.or.kr/cms/resource/80/3477380_image2_1.jpg","126.4138213265","33.2632769775","앙끄리에펜션"
"제주특별자치도 제주시 월각로 151","39","2940391","32","","126.3048803787","33.4058844989","광이멀스테이"
"제주특별자치도 서귀포시 남원읍 위미해안로 60","39","733516","32","http://tong.visitkorea.or.kr/cms/resource/97/3477297_image2_1.jpg","126.6578361411","33.2696884696","바다에누워 펜션"
"제주특별자치도 제주시 함덕5길 8-7","39","2991120","32","http://tong.visitkorea.or.kr/cms/resource/94/2991094_image2_1.jpg","126.6595658566","33.5444525773","물결그림"
"제주특별자치도 제주시 은남1길 4 (연동)","39","2594519","32","http://tong.visitkorea.or.kr/cms/resource/68/2596268_image2_1.jpg","126.4954452638","33.4893532766","엘린호텔"
"제주특별자치도 제주시 노연로 12 (노형동)","39","2876795","32","http://tong.visitkorea.or.kr/cms/resource/83/2876783_image2_1.jpg","126.4814715703","33.4852923931","그랜드 하얏트 제주"
"제주특별자치도 서귀포시 중문관광로72번길 67","39","142713","32","http://tong.visitkorea.or.kr/cms/resource/05/2848605_image2_1.jpg","126.4083582278","33.2490784581","제주 스위트호텔"
"제주특별자치도 서귀포시 표선면 번영로 3361-26","39","3082119","32","http://tong.visitkorea.or.kr/cms/resource/58/3082058_image2_1.jpg","126.8279307185","33.3491324273","발트하우스"
"제주특별자치도 제주시 한림읍 한창로 925-122","39","984523","32","http://tong.visitkorea.or.kr/cms/resource/85/3478185_image2_1.jpg","126.3124118005","33.3377949264","제주 블랙스톤"
"제주특별자치도 제주시 노연로 100","39","2716736","32","http://tong.visitkorea.or.kr/cms/resource/42/2716742_image2_1.jpg","126.4910512883","33.4855175198","신라스테이 제주"
"제주특별자치도 제주시 곽지1길 23 마레보비치호텔","39","139860","32","http://tong.visitkorea.or.kr/cms/resource/46/3505946_image2_1.JPG","126.3041378290","33.4481853609","마레보 비치호텔"
"제주특별자치도 제주시 연삼로 14 (연동)","39","2718006","32","http://tong.visitkorea.or.kr/cms/resource/21/3514421_image2_1.jpg","126.4937564282","33.4934583510","벤티모 호텔 앤 레지던스 제주"
"제주특별자치도 제주시 번영로 1278-169","39","2948165","32","http://tong.visitkorea.or.kr/cms/resource/47/2948147_image2_1.png","126.6681893538","33.4558430751","에코랜드 호텔"
"제주특별자치도 서귀포시 보목로64번길 178","39","2699863","32","","126.5905592043","33.2444207422","호텔 서귀피안"
"제주특별자치도 서귀포시 천제연로 158-4","39","2626708","32","","126.4213570284","33.2523116402","해성파크텔"
"제주특별자치도 서귀포시 성산읍 시흥하동로50번길 23","39","1893137","32","","126.9081014524","33.4744809898","펠리스타운"
"제주특별자치도 서귀포시 논짓물로 50","39","2621969","32","","126.3859881372","33.2405179405","펜션연리"
"제주특별자치도 제주시 한림읍 협재2길 10","39","2667643","32","","126.2412473291","33.3922238993","카이 호스텔"
"제주특별자치도 서귀포시 태평로353번길 22-3","39","2627908","32","","126.5612422374","33.2472116357","칠십리호텔"
"제주특별자치도 서귀포시 성산읍 해맞이해안로 2688","39","2624249","32","http://tong.visitkorea.or.kr/cms/resource/63/2715063_image2_1.jpg","126.9127177787","33.4718785742","취다선리조트(취다선 리조트 Tea&Meditation)"
"제주특별자치도 서귀포시 천지연로 39","39","2627229","32","","126.5620756071","33.2423732942","천지연크리스탈호텔"
"제주특별자치도 서귀포시 안덕면 사계북로 208","39","2626800","32","","126.3088143604","33.2368032498","오션힐스테이"
"제주특별자치도 제주시 1100로 2671-51","39","2623827","32","","126.4890611940","33.4236160047","엠버리조트"
"제주특별자치도 제주시 서해안로 456-12","39","2667498","32","","126.4891868158","33.5184027384","에덴호스텔"
"제주특별자치도 제주시 애월읍 애월해안로 226","39","2699343","32","","126.3363346046","33.4670365589","솔트"
"제주특별자치도 서귀포시 중정로 24-7","39","2623005","32","","126.5589896584","33.2470449521","백패커스홈"
"제주특별자치도 서귀포시 천지연로 3-1","39","2621955","32","","126.5656503182","33.2414512305","바다해호텔"
"제주특별자치도 서귀포시 돈내코로 180","39","2621853","32","","126.5785144865","33.3029335392","돈내코힐 리조트"
"제주특별자치도 제주시 논세길 96-38","39","2626055","32","","126.4423833539","33.4830031363","나이스호텔"
"제주특별자치도 서귀포시 태평로 121","39","2627965","32","","126.5357833901","33.2446420718","제주브릭스"
"제주특별자치도 서귀포시 이어도로 216","39","2623014","32","","126.4434470348","33.2408771391","브릭216"
"제주특별자치도 서귀포시 색달중앙로 162","39","3112141","32","","126.4146822318","33.2691263446","야크마을"
"제주특별자치도 서귀포시 남원읍 한신로531번길15","39","3112140","32","","126.7443691759","33.3198870911","제주정원집"
"제주특별자치도 제주시 임항로 49","39","2765319","38","http://tong.visitkorea.or.kr/cms/resource/68/3585668_image2_1.jpg","126.5300138523","33.5170396509","서부두수산시장"
"제주특별자치도 제주시 한림읍 한림로 687","39","2765334","38","http://tong.visitkorea.or.kr/cms/resource/26/3585626_image2_1.jpg","126.2649364013","33.4161382914","한림매일시장"
"제주특별자치도 제주시 오일장서길 26","39","976820","38","http://tong.visitkorea.or.kr/cms/resource/08/3585608_image2_1.jpg","126.4758023552","33.4969271258","제주시민속오일시장 (2, 7일)"
"제주특별자치도 제주시 관덕로4길 3","39","2847506","38","http://tong.visitkorea.or.kr/cms/resource/82/3583282_image2_1.jpg","126.5212480480","33.5126316662","이후북스 제주점"
"제주특별자치도 서귀포시 막숙포로 60 (법환동)","39","2859034","38","http://tong.visitkorea.or.kr/cms/resource/04/3579104_image2_1.jpg","126.5149353881","33.2361121271","제스토리"
"제주특별자치도 제주시 서해안로 626 (용담삼동)","39","2752730","38","http://tong.visitkorea.or.kr/cms/resource/98/3579098_image2_1.jpg","126.5040466723","33.5167476030","바이제주"
"제주특별자치도 서귀포시 천제연로 355 (회수동)","39","1871028","38","http://tong.visitkorea.or.kr/cms/resource/69/3403269_image2_1.jpg","126.4423968665","33.2524564006","중문농수산물직판장"
"제주특별자치도 서귀포시 성산읍 고성오조로 93","39","132159","38","http://tong.visitkorea.or.kr/cms/resource/92/2947292_image2_1.jpg","126.9127293498","33.4518891163","고성오일시장"
"제주특별자치도 서귀포시 서귀동","39","1013258","38","http://tong.visitkorea.or.kr/cms/resource/66/3546866_image2_1.jpg","126.5641113997","33.2487281813","서귀포매일올레시장"
"제주특별자치도 제주시 한림읍 귀덕6길 192","39","2718541","38","http://tong.visitkorea.or.kr/cms/resource/42/3539042_image2_1.jpg","126.2894700944","33.4288317168","재주도좋아·반짝반짝 지구상회"
"제주특별자치도 서귀포시 중문상로17번길 4 (중문동)","39","2791430","38","http://tong.visitkorea.or.kr/cms/resource/88/2800688_image2_1.jpg","126.4240207301","33.2503257899","불란지야시장"
"제주특별자치도 서귀포시 성산읍 서성일로 1007","39","1890343","38","http://tong.visitkorea.or.kr/cms/resource/05/3477505_image2_1.jpg","126.8862290743","33.4429313439","동부농원"
"제주특별자치도 제주시 관덕로14길 20","39","1013246","38","http://tong.visitkorea.or.kr/cms/resource/38/2678438_image2_1.jpg","126.5260587646","33.5115624162","동문재래시장"
"제주특별자치도 제주시 한림읍 한수풀로4길 10","39","993224","38","http://tong.visitkorea.or.kr/cms/resource/29/3477729_image2_1.jpg","126.2745604816","33.4198102588","한림민속오일시장"
"제주특별자치도 제주시 동광로1길 32","39","992309","38","http://tong.visitkorea.or.kr/cms/resource/50/3053550_image2_1.jpg","126.5279698982","33.5032716982","보성시장"
"제주특별자치도 제주시 애월읍 애월해안로 474","39","2785877","38","http://tong.visitkorea.or.kr/cms/resource/26/2792126_image2_1.jpg","126.3550077410","33.4776578999","팰롱팰롱빛나는"
"제주특별자치도 서귀포시 표선면 표선동서로 203-1","39","132160","38","http://tong.visitkorea.or.kr/cms/resource/86/3077586_image2_1.jpg","126.8304061108","33.3225437337","표선오일시장"
"제주특별자치도 제주시 서문로4길 13-2","39","993261","38","http://tong.visitkorea.or.kr/cms/resource/49/3477949_image2_1.jpg","126.5179483634","33.5113734195","서문공설시장"
"제주특별자치도 서귀포시 천제연로188번길 12","39","132595","38","http://tong.visitkorea.or.kr/cms/resource/50/3477250_image2_1.jpg","126.4242345901","33.2507951855","중문향토오일시장"
"제주특별자치도 서귀포시 중산간동로7894번길 18-5 (동홍동)","39","132556","38","http://tong.visitkorea.or.kr/cms/resource/24/3477324_image2_1.jpg","126.5724963753","33.2669040864","서귀포향토오일시장"
"제주특별자치도 서귀포시 중문관광로 224","39","2708336","38","http://tong.visitkorea.or.kr/cms/resource/13/3477413_image2_1.jpg","126.4244653377","33.2413184576","제주관광공사 중문면세점"
"제주특별자치도 서귀포시 대정읍 신영로36번길 65","39","132161","38","http://tong.visitkorea.or.kr/cms/resource/95/3477195_image2_1.jpg","126.2483310829","33.2204929929","대정오일시장"
"제주특별자치도 제주시 연삼로 473","39","1013289","38","http://tong.visitkorea.or.kr/cms/resource/21/3396921_image2_1.jpg","126.5405800026","33.4993528886","이제주숍"
"제주특별자치도 제주시 관덕로13길 12 (일도일동)","39","1871024","38","http://tong.visitkorea.or.kr/cms/resource/72/3396972_image2_1.jpg","126.5261253693","33.5140565855","제주칠성로상점가"
"제주특별자치도 제주시 임항로 49","39","1863246","38","http://tong.visitkorea.or.kr/cms/resource/35/3396935_image2_1.jpg","126.5300249638","33.5169924336","바당수산"
"제주특별자치도 제주시 구좌읍 해맞이해안로 1412","39","992261","38","http://tong.visitkorea.or.kr/cms/resource/52/3410552_image2_1.jpg","126.8573407727","33.5261772305","세화민속오일시장(5일, 0일)"
"제주특별자치도 제주시 구좌읍 월정1길 46-9","39","2789355","38","http://tong.visitkorea.or.kr/cms/resource/35/2792035_image2_1.jpg","126.7927818175","33.5551951990","바람"
"제주특별자치도 제주시 서문로 72-1","39","2953017","38","http://tong.visitkorea.or.kr/cms/resource/16/2953016_image2_1.jpg","126.5186677297","33.5120650209","제주수울 (JEJUSUUL)"
"제주특별자치도 제주시 신광로 43","39","1405489","39","","126.4902735165","33.4882477612","라지마할"
"제주특별자치도 제주시 연삼로 128","39","133258","39","","126.5059498300","33.4927114054","도라지식당"
"제주특별자치도 제주시 조천읍 조천리","39","2833409","39","http://tong.visitkorea.or.kr/cms/resource/59/3578959_image2_1.jpg","126.6399843684","33.5381668477","선이네밥집"
"제주특별자치도 서귀포시 동류암로 43-1","39","2815586","39","http://tong.visitkorea.or.kr/cms/resource/11/3578911_image2_1.jpg","126.9158763733","33.4486895206","독고집"
"제주특별자치도 제주시 구좌읍 해맞이해안로 2265","39","2666735","39","http://tong.visitkorea.or.kr/cms/resource/92/3578892_image2_1.jpg","126.9123061050","33.4978173678","해녀의 부엌"
"제주특별자치도 제주시 구좌읍 해맞이해안로 2196","39","2767638","39","http://tong.visitkorea.or.kr/cms/resource/61/3578861_image2_1.jpg","126.9126503843","33.5036972787","소금바치순이네"
"제주특별자치도 제주시 조천읍 남조로 2343","39","1876994","39","http://tong.visitkorea.or.kr/cms/resource/58/3578858_image2_1.jpg","126.6571482427","33.4735270537","낭뜰에쉼팡"
"제주특별자치도 제주시 서광로 239 (삼도일동)","39","2824043","39","","126.5220815945","33.5000525164","행복밀"
"제주특별자치도 제주시 조천읍 함덕로 24","39","2805415","39","","126.6727147762","33.5417447548","백록집"
"제주특별자치도 제주시 조함해안로 552-3","39","2808937","39","","126.6715954192","33.5421641344","오드랑베이커리"
"제주특별자치도 서귀포시 중문관광로 154-17","39","2708692","39","","126.4156104662","33.2450679043","색달해녀의집"
"제주특별자치도 제주시 신대로 72","39","404209","39","","126.4962284931","33.4909364471","어장군"
"제주특별자치도 제주시 한경면 조수2길 34","39","2765215","39","","126.2308467693","33.3332080432","제주돗"
"제주특별자치도 서귀포시 일주동로 8597","39","404128","39","","126.5695496912","33.2543165395","금강민물장어"
"제주특별자치도 서귀포시 칠십리로 699 (하효동)","39","2765209","39","","126.6171816748","33.2543617354","아서원"
"제주특별자치도 제주시 귀아랑길 24","39","1827714","39","","126.4972061735","33.4914891794","올래국수"
"제주특별자치도 서귀포시 솔동산로 6-1","39","2359168","39","","126.5640615038","33.2442786707","안거리 밖거리"
"제주특별자치도 제주시 애월읍 장소로 205-2","39","2765218","39","","126.3796037976","33.4343908561","돈카츠 서황"
"제주특별자치도 제주시 인다5길 11-5 (아라일동)","39","2807119","39","","126.5481604303","33.4759667087","고서방 짬뽕"
"제주특별자치도 제주시 애월읍 평화로 1529","39","2715354","39","http://tong.visitkorea.or.kr/cms/resource/08/3576308_image2_1.jpg","126.3636734821","33.3615847697","새빌"
"제주특별자치도 서귀포시 안덕면 화순해안로 189","39","2804378","39","http://tong.visitkorea.or.kr/cms/resource/92/3574992_image2_1.jpg","126.3388976667","33.2455333133","효은디저트"
"제주특별자치도 서귀포시 태평로 377","39","1305270","39","","126.5612617215","33.2453646181","수희식당"
"제주특별자치도 서귀포시 부두로 43","39","2563236","39","","126.5648726139","33.2411790255","향원복집"
"제주특별자치도 서귀포시 천제연로 99","39","687563","39","","126.4163601758","33.2551612466","제주미향"
"제주특별자치도 서귀포시 성산읍 섭지코지로25번길 64","39","2755445","39","http://tong.visitkorea.or.kr/cms/resource/88/2755588_image2_1.jpg","126.9191261882","33.4444983695","드르쿰다"
"제주특별자치도 제주시 제원길 30 (연동)","39","2798036","39","http://tong.visitkorea.or.kr/cms/resource/38/2800138_image2_1.jpg","126.4888958794","33.4873145093","숙성도 제주본점"
"제주특별자치도 제주시 구좌읍 송당2길 7-1","39","2778916","39","http://tong.visitkorea.or.kr/cms/resource/78/2794178_image2_1.jpg","126.7825901914","33.4710460093","제주살롱"
"제주특별자치도 서귀포시 남원읍 하례망장포로 4","39","2777791","39","http://tong.visitkorea.or.kr/cms/resource/23/3552623_image2_1.jpg","126.6348410430","33.2638248613","인디고트리"
"제주특별자치도 서귀포시 이어도로1027번길 34","39","2802732","39","http://tong.visitkorea.or.kr/cms/resource/11/3564111_image2_1.jpg","126.5225233880","33.2464388857","카페 귤꽃다락"
"제주특별자치도 서귀포시 표선면 민속해안로 584","39","2767629","39","http://tong.visitkorea.or.kr/cms/resource/05/3564105_image2_1.jpg","126.8433465940","33.3253241907","당케올레국수"
"제주특별자치도 제주시 상가로 51","39","2864237","39","http://tong.visitkorea.or.kr/cms/resource/25/2864225_image2_1.JPG","126.3439926768","33.4489831231","연화키친"
"제주특별자치도 제주시 관덕로 2-1","39","2860639","39","http://tong.visitkorea.or.kr/cms/resource/30/2860630_image2_1.jpg","126.5197592925","33.5124511065","송림반점"
"제주특별자치도 제주시 일주서로 7831 (연동)","39","2758924","39","http://tong.visitkorea.or.kr/cms/resource/04/2758904_image2_1.jpg","126.4833684316","33.4939470207","미스칠"
"제주특별자치도 제주시 애월읍 애월해안로 867","39","2758900","39","http://tong.visitkorea.or.kr/cms/resource/76/2758876_image2_1.jpg","126.3904433191","33.4877767845","제주광해 애월점"
"제주특별자치도 제주시 한림읍 협재3길 19","39","2758859","39","http://tong.visitkorea.or.kr/cms/resource/08/2759108_image2_1.jpg","126.2439108383","33.3988648733","협재해녀의집"
"제주특별자치도 제주시 서해안로 498 (용담삼동)","39","2758855","39","http://tong.visitkorea.or.kr/cms/resource/97/2759097_image2_1.jpg","126.4921643149","33.5192638011","해녀잠수촌"
"제주특별자치도 서귀포시 표선면 서성일로 16","39","2755006","39","http://tong.visitkorea.or.kr/cms/resource/37/2755137_image2_1.jpg","126.8011014756","33.3933743337","만덕이네"
"제주특별자치도 서귀포시 이어도로 41 (대포동)","39","2753037","39","http://tong.visitkorea.or.kr/cms/resource/61/2753561_image2_1.jpg","126.4285622273","33.2403019678","대기정"
"제주특별자치도 서귀포시 성산읍 해맞이해안로 2764","39","2758837","39","http://tong.visitkorea.or.kr/cms/resource/05/2758905_image2_1.jpg","126.9197672298","33.4692039841","복자씨연탄구이"
"제주특별자치도 서귀포시 성산읍 일출로 259","39","2758836","39","http://tong.visitkorea.or.kr/cms/resource/16/2758916_image2_1.jpg","126.9334967787","33.4612828593","경미네집"
"제주특별자치도 서귀포시 상예로 248","39","2756100","39","http://tong.visitkorea.or.kr/cms/resource/70/2756070_image2_1.jpg","126.3942757212","33.2667762829","오전열한시"
"제주특별자치도 제주시 봉개동","39","2755895","39","http://tong.visitkorea.or.kr/cms/resource/27/2756027_image2_1.jpg","126.6113106873","33.4677297391","아트인명도암"
"제주특별자치도 서귀포시 중문관광로 8 (색달동)","39","2755458","39","http://tong.visitkorea.or.kr/cms/resource/38/2755638_image2_1.jpg","126.4144741763","33.2574915152","중문칠돈가"
"제주특별자치도 서귀포시 중문관광로 332 (대포동)","39","2755053","39","http://tong.visitkorea.or.kr/cms/resource/47/2755047_image2_1.jpg","126.4313090015","33.2496926417","가람돌솥밥"
"제주특별자치도 제주시 일주동로 1437","39","2903123","39","http://tong.visitkorea.or.kr/cms/resource/94/2903094_image2_1.jpg","126.6883438872","33.5455418078","올드북촌"
"제주특별자치도 제주시 해맞이해안로 1026","39","2903088","39","http://tong.visitkorea.or.kr/cms/resource/75/2903075_image2_1.jpg","126.8308899530","33.5407946303","오스모시스"
"제주특별자치도 제주시 관덕로8길 31","39","2902911","39","http://tong.visitkorea.or.kr/cms/resource/05/2902905_image2_1.jpg","126.5233756881","33.5105485969","아일랜드팩토리 풍류"
"제주특별자치도 제주시 중산간동로 2255","39","2902758","39","http://tong.visitkorea.or.kr/cms/resource/55/2902755_image2_1.jpg","126.7838706179","33.4718264992","뿌리와열매"
"제주특별자치도 제주시 서해안로 448","39","2902737","39","http://tong.visitkorea.or.kr/cms/resource/29/2902729_image2_1.jpg","126.4875064221","33.5177194543","바움하우스"
"제주특별자치도 서귀포시 일주서로 972","39","2910907","39","http://tong.visitkorea.or.kr/cms/resource/01/2910901_image2_1.jpg","126.4068748184","33.2582551998","망고하이"
"제주특별자치도 제주시 북성로 59 (삼도이동)","39","2806871","39","http://tong.visitkorea.or.kr/cms/resource/55/3556355_image2_1.png","126.5186148802","33.5154174266","도토리키친"
"제주특별자치도 제주시 한림읍 한림로 542-1","39","2853621","39","http://tong.visitkorea.or.kr/cms/resource/91/2861891_image2_1.jpg","126.2564540339","33.4059281770","우무 본점"
"제주특별자치도 제주시 조천읍 중산간동로 670","39","2853291","39","http://tong.visitkorea.or.kr/cms/resource/90/2853290_image2_1.jpg","126.6568893511","33.4989714565","타무라"
"제주특별자치도 제주시 우정로12길 10 (외도일동)","39","2906375","39","http://tong.visitkorea.or.kr/cms/resource/45/2906345_image2_1.JPG","126.4298287830","33.4877357466","해왕성반점본점"
"제주특별자치도 서귀포시 동문동로 2","39","2831635","39","","126.5675888551","33.2496475788","오는정김밥"
"제주특별자치도 제주시 복지로북길 4","39","2906155","39","http://tong.visitkorea.or.kr/cms/resource/52/2906152_image2_1.jpg","126.5206569716","33.4888787305","가람"
"제주특별자치도 제주시 하귀로 56","39","2905366","39","http://tong.visitkorea.or.kr/cms/resource/51/2905351_image2_1.jpg","126.4031590470","33.4803694727","옛날국수집"
"제주특별자치도 제주시 애월로 137-1","39","2904622","39","http://tong.visitkorea.or.kr/cms/resource/17/2904617_image2_1.jpg","126.3220136946","33.4640949919","그린마일커피 애월점"
"제주특별자치도 서귀포시 태평로 495","39","2904424","39","http://tong.visitkorea.or.kr/cms/resource/18/2904418_image2_1.jpg","126.5710330019","33.2496059720","제주명가두루치기"
"제주특별자치도 서귀포시 산방로 367-1","39","2904375","39","http://tong.visitkorea.or.kr/cms/resource/72/2904372_image2_1.jpg","126.2975710170","33.2311675843","오랑우탄면사무소"
"제주특별자치도 제주시 남조로 2185","39","2899509","39","http://tong.visitkorea.or.kr/cms/resource/02/2899502_image2_1.jpg","126.6613759501","33.4604841192","자연과사람들 밀면"
"제주특별자치도 제주시 신촌북3길 39-3","39","2899491","39","http://tong.visitkorea.or.kr/cms/resource/84/2899484_image2_1.jpg","126.6152615419","33.5370637960","점점"
"제주특별자치도 제주시 와흘상길 32","39","2899449","39","http://tong.visitkorea.or.kr/cms/resource/42/2899442_image2_1.jpg","126.6332192986","33.4939660761","트라인커피"
"제주특별자치도 제주시 신북로 454","39","2899428","39","http://tong.visitkorea.or.kr/cms/resource/16/2899416_image2_1.jpg","126.6587242813","33.5436693167","흑본오겹 함덕점"
"제주특별자치도 제주시 연동12길 37","39","2894478","39","http://tong.visitkorea.or.kr/cms/resource/12/2894412_image2_1.jpg","126.4932011692","33.4825012221","소리원"
"제주특별자치도 서귀포시 태평로482번길 50","39","2894407","39","http://tong.visitkorea.or.kr/cms/resource/00/2894400_image2_1.jpg","126.5703303734","33.2456869486","흑돼지해물삼합"
"제주특별자치도 서귀포시 중문관광로 154-17","39","2708338","39","","126.4156104662","33.2450679043","더클리프"
"제주특별자치도 서귀포시 표선면 성읍정의현로 74","39","404156","39","http://tong.visitkorea.or.kr/cms/resource/21/3400321_image2_1.jpg","126.8013682122","33.3893025655","성읍칠십리식당"
"제주특별자치도 제주시 하소로 681-13","39","2892380","39","http://tong.visitkorea.or.kr/cms/resource/70/2891970_image2_1.jpg","126.3965636592","33.4243616788","홀츠 애월"
"제주특별자치도 제주시 애월로1길 24-8","39","2892326","39","http://tong.visitkorea.or.kr/cms/resource/52/2891952_image2_1.jpg","126.3104425058","33.4629116076","콜린 제주"
"제주특별자치도 제주시 하귀2길 45","39","2892313","39","http://tong.visitkorea.or.kr/cms/resource/44/2891944_image2_1.jpg","126.4138690241","33.4893353163","커피냅로스터스 제주"
"제주특별자치도 제주시 녹근로 19-15","39","2892282","39","http://tong.visitkorea.or.kr/cms/resource/33/2891933_image2_1.jpg","126.3141237647","33.4172639406","영국찻집"
"제주특별자치도 제주시 애월읍 산록서로 383","39","2892256","39","http://tong.visitkorea.or.kr/cms/resource/05/2891905_image2_1.jpg","126.4081908825","33.4040863279","블리스풀"
"제주특별자치도 제주시 원당북로 197-20","39","2891438","39","http://tong.visitkorea.or.kr/cms/resource/65/2877765_image2_1.jpg","126.6140367267","33.5336113809","헬로남생이"
"제주특별자치도 제주시 일주서로 7000","39","2891424","39","http://tong.visitkorea.or.kr/cms/resource/38/2877738_image2_1.jpg","126.3983789075","33.4803471778","카페하귀리"
"제주특별자치도 제주시 하소로 1","39","2891399","39","http://tong.visitkorea.or.kr/cms/resource/17/2877717_image2_1.jpg","126.3998926774","33.4797861527","젤코바 베이커리 카페"
"제주특별자치도 서귀포시 중산간동로 8128-6","39","2891397","39","http://tong.visitkorea.or.kr/cms/resource/08/2877708_image2_1.JPG","126.5484040845","33.2639818043","한길정"
"제주특별자치도 제주시 송당2길 2","39","2877950","39","http://tong.visitkorea.or.kr/cms/resource/47/2877947_image2_1.jpg","126.7818624665","33.4714903929","환영키친"
"제주특별자치도 제주시 한림읍 한림로 518","39","2904508","39","http://tong.visitkorea.or.kr/cms/resource/95/2904495_image2_1.jpg","126.2542070367","33.4046005109","AND 유 CAFE"
"제주특별자치도 제주시 세평항로 14","39","2877937","39","http://tong.visitkorea.or.kr/cms/resource/27/2877927_image2_1.jpg","126.8538549990","33.5246662305","연미정"
"제주특별자치도 제주시 해맞이해안로 460","39","2877847","39","http://tong.visitkorea.or.kr/cms/resource/36/2877836_image2_1.jpg","126.7957815474","33.5556035357","머문"
"제주특별자치도 제주시 인다6길 35 아라힐링","39","2877827","39","http://tong.visitkorea.or.kr/cms/resource/08/2877808_image2_1.jpg","126.5468327850","33.4752001061","나이체"
"제주특별자치도 서귀포시 최남단해안로 128","39","2877807","39","http://tong.visitkorea.or.kr/cms/resource/98/2877798_image2_1.jpg","126.2571416578","33.2101442731","M1971 카페 엠브릿지"
"제주특별자치도 서귀포시 성산읍 일출로 220","39","134980","39","http://tong.visitkorea.or.kr/cms/resource/66/3401566_image2_1.jpg","126.9300249033","33.4592802468","성산해촌"
"제주특별자치도 서귀포시 성산읍 한도로 141-13","39","404168","39","http://tong.visitkorea.or.kr/cms/resource/35/3382135_image2_1.jpg","126.9223003307","33.4697761845","오조해녀의집"
"제주특별자치도 제주시 광양13길 25 (이도이동)","39","1861336","39","http://tong.visitkorea.or.kr/cms/resource/06/3408106_image2_1.jpg","126.5326251248","33.4999471402","광양해장국집"
"제주특별자치도 서귀포시 표선면 가시로565번길 24","39","1866904","39","http://tong.visitkorea.or.kr/cms/resource/76/3389976_image2_1.jpg","126.7713633064","33.3530172003","가시식당"
"제주특별자치도 서귀포시 성산읍 섭지코지로 56","39","1883573","39","http://tong.visitkorea.or.kr/cms/resource/10/3396210_image2_1.jpg","126.9218594458","33.4375075193","마돈"
"제주특별자치도 서귀포시 표선면 중산간동로 5218","39","1891955","39","http://tong.visitkorea.or.kr/cms/resource/49/3403349_image2_1.jpg","126.7707355863","33.3528672076","명문가시리식당"
"제주특별자치도 서귀포시 표선면 가시로 572","39","1966821","39","","126.7737630658","33.3544670791","모드락572"
"제주특별자치도 제주시 도두항길 16 (도두일동)","39","2758939","39","http://tong.visitkorea.or.kr/cms/resource/31/2758931_image2_1.jpg","126.4666418301","33.5062259504","도두해녀의집"
"제주특별자치도 제주시 한경면 판포1길 16","39","2763767","39","http://tong.visitkorea.or.kr/cms/resource/06/2764006_image2_1.jpg","126.1979322434","33.3656706031","바다를본돼지"
"제주특별자치도 제주시 서해안로 498-6 (용담삼동, 블루문)","39","2763806","39","http://tong.visitkorea.or.kr/cms/resource/63/2764063_image2_1.jpg","126.4921365493","33.5188499582","토끼와거북이"
"제주특별자치도 제주시 애월읍 일주서로 6059","39","2780263","39","http://tong.visitkorea.or.kr/cms/resource/34/3548234_image2_1.jpg","126.3084984856","33.4515461682","꽃밥"
"제주특별자치도 서귀포시 대정읍 최남단해안로 412","39","2790670","39","http://tong.visitkorea.or.kr/cms/resource/57/2790957_image2_1.jpg","126.2757874827","33.2001734425","사일리커피"
"제주특별자치도 제주시 우도해안길 32-2","39","2811459","39","http://tong.visitkorea.or.kr/cms/resource/56/2811456_image2_1.jpg","126.9552580701","33.4921103615","훈데르트윈즈"
"제주특별자치도 제주시 중앙로 63-11","39","2840668","39","http://tong.visitkorea.or.kr/cms/resource/59/2840659_image2_1.jpg","126.5250699577","33.5117679337","자연몸국"
"제주특별자치도 제주시 진남로6길 20","39","2841345","39","http://tong.visitkorea.or.kr/cms/resource/32/2841332_image2_1.jpg","126.5658634352","33.5204953959","착한튀김"
"제주특별자치도 서귀포시 동문로 59-1","39","2843803","39","http://tong.visitkorea.or.kr/cms/resource/97/2843797_image2_1.jpg","126.5668250373","33.2494253692","다정이네 올레시장 본점"
"제주특별자치도 서귀포시 대포로 148-15","39","2843885","39","http://tong.visitkorea.or.kr/cms/resource/80/2843880_image2_1.jpg","126.4366310264","33.2378551429","바다다"
"제주특별자치도 서귀포시 동일하모로 238","39","2843943","39","http://tong.visitkorea.or.kr/cms/resource/30/2843930_image2_1.jpg","126.2565469257","33.2254897918","와토커피"
"제주특별자치도 서귀포시 중동로48번길 3","39","2843997","39","http://tong.visitkorea.or.kr/cms/resource/95/2843995_image2_1.jpg","126.5671583243","33.2502030663","짱구분식"
"제주특별자치도 서귀포시 이어도로 217-4 (대포동)","39","2844078","39","http://tong.visitkorea.or.kr/cms/resource/70/2844070_image2_1.jpg","126.4436553232","33.2420825647","함쉐프키친"
"제주특별자치도 서귀포시 사계남로84번길 6","39","2847737","39","http://tong.visitkorea.or.kr/cms/resource/28/2847728_image2_1.jpg","126.2989876672","33.2263570271","제주선채향"
"제주특별자치도 서귀포시 안덕면 녹차분재로 218","39","2847753","39","http://tong.visitkorea.or.kr/cms/resource/46/2847746_image2_1.jpg","126.2978138414","33.3031485262","제주그림카페"
"제주특별자치도 서귀포시 사계남로 214","39","2847791","39","http://tong.visitkorea.or.kr/cms/resource/76/2847776_image2_1.jpg","126.3089977789","33.2322454224","사계의시간"
"제주특별자치도 제주시 도공로 86-1","39","2847812","39","http://tong.visitkorea.or.kr/cms/resource/11/2847811_image2_1.JPG","126.4640755386","33.4994960994","그라나다"
"제주특별자치도 서귀포시 중산간동로 4255","39","2847876","39","http://tong.visitkorea.or.kr/cms/resource/60/2847860_image2_1.JPG","126.8371930884","33.3804763385","블루마운틴4255"
"제주특별자치도 제주시 임항로 34","39","2851126","39","http://tong.visitkorea.or.kr/cms/resource/74/2851074_image2_1.jpg","126.5285223303","33.5163924761","산지해장국"
"제주특별자치도 제주시 일주서로 6027","39","2851862","39","http://tong.visitkorea.or.kr/cms/resource/61/2851861_image2_1.jpg","126.3078791556","33.4488492351","곽지국시"
"제주특별자치도 제주시 도령로7길 20 신광아파트","39","2852136","39","http://tong.visitkorea.or.kr/cms/resource/30/2852130_image2_1.jpg","126.4843989686","33.4908168279","재벌식당"
"제주특별자치도 제주시 해맞이해안로 830","39","2852379","39","http://tong.visitkorea.or.kr/cms/resource/75/2852375_image2_1.jpg","126.8257678765","33.5537681121","구좌읍 우럭튀김 민경이네어등포식당"
"제주특별자치도 제주시 서사로 122-1","39","2860575","39","http://tong.visitkorea.or.kr/cms/resource/62/2860562_image2_1.jpg","126.5196123300","33.5015661986","효퇴국수국밥"
"제주특별자치도 서귀포시 중문관광로72번길 29-9 신우성타운","39","2860731","39","http://tong.visitkorea.or.kr/cms/resource/29/2860729_image2_1.JPG","126.4111246414","33.2496534392","베메로 (BAKE MAKE ROAST)"
"제주특별자치도 제주시 구좌읍 하도13길 63","39","2861455","39","http://tong.visitkorea.or.kr/cms/resource/37/2861437_image2_1.jpg","126.8928824885","33.5108322806","릴로"
"제주특별자치도 제주시 한림상로 111","39","2870515","39","http://tong.visitkorea.or.kr/cms/resource/09/2870509_image2_1.jpg","126.2648059954","33.4099473082","경성수산"
"제주특별자치도 제주시 도두항서길 42","39","2870537","39","http://tong.visitkorea.or.kr/cms/resource/33/2870533_image2_1.jpg","126.4639059537","33.5063870002","귤품은흑돼지 제주공항점"
"제주특별자치도 제주시 애월읍 부룡수길 17","39","2870602","39","http://tong.visitkorea.or.kr/cms/resource/37/3544837_image2_1.jpg","126.3546911711","33.4745887905","뚱딴지 애월본점"
"제주특별자치도 제주시 광령중길 133-2 예그리나","39","2871863","39","http://tong.visitkorea.or.kr/cms/resource/43/2871843_image2_1.jpg","126.4363513218","33.4486068479","포하노이"
"제주특별자치도 서귀포시 예래로144번길 22-1","39","2876685","39","http://tong.visitkorea.or.kr/cms/resource/73/2876673_image2_1.jpg","126.3920651834","33.2496809134","이정의댁"
"제주특별자치도 제주시 월대3길 14-6","39","2893725","39","http://tong.visitkorea.or.kr/cms/resource/21/2893721_image2_1.jpg","126.4339782641","33.4947350372","제주해물밥"
"제주특별자치도 제주시 애월로1길 19-8","39","2893743","39","http://tong.visitkorea.or.kr/cms/resource/37/2893737_image2_1.jpg","126.3107175054","33.4618395082","썬셋클리프"
"제주특별자치도 제주시 청수동8길 3","39","2899528","39","http://tong.visitkorea.or.kr/cms/resource/20/2899520_image2_1.jpg","126.2539592266","33.3072473859","양가형제"
"제주특별자치도 제주시 동문로6길 4","39","2899545","39","http://tong.visitkorea.or.kr/cms/resource/38/2899538_image2_1.jpg","126.5288029453","33.5126845582","아베베베이커리"
"제주특별자치도 제주시 가령로4길 3","39","2899568","39","http://tong.visitkorea.or.kr/cms/resource/60/2899560_image2_1.jpg","126.5331112664","33.4967419470","블루메베이글"
"제주특별자치도 제주시 구남동2길 26","39","2899586","39","http://tong.visitkorea.or.kr/cms/resource/79/2899579_image2_1.jpg","126.5352862427","33.4894650097","부온"
"제주특별자치도 제주시 우진오름길 144","39","2899599","39","","126.7102243865","33.4649816279","베카신"
"제주특별자치도 제주시 조천읍 조함해안로 356","39","2899623","39","http://tong.visitkorea.or.kr/cms/resource/10/2899610_image2_1.jpg","126.6551050241","33.5492186441","무거버거"
"제주특별자치도 제주시 용해로 45","39","2899679","39","http://tong.visitkorea.or.kr/cms/resource/78/2899678_image2_1.jpg","126.5029912907","33.5131340969","마두천손칼국수"
"제주특별자치도 제주시 해안마을길 73","39","2899703","39","http://tong.visitkorea.or.kr/cms/resource/02/2899702_image2_1.jpg","126.4551439425","33.4570339914","73st"
"제주특별자치도 서귀포시 월평로 15","39","2899709","39","http://tong.visitkorea.or.kr/cms/resource/08/2899708_image2_1.jpg","126.4592955715","33.2448352854","리틀포레스트"
"제주특별자치도 서귀포시 하례로 272","39","2910852","39","http://tong.visitkorea.or.kr/cms/resource/38/2910838_image2_1.jpg","126.6233640890","33.2713738458","하례감귤점빵협동조합"
"제주특별자치도 제주시 와흘상길 30","39","2911088","39","http://tong.visitkorea.or.kr/cms/resource/76/2911076_image2_1.jpg","126.6335581582","33.4939577489","5L2F"
"제주특별자치도 제주시 금산5길 35-1","39","2904488","39","http://tong.visitkorea.or.kr/cms/resource/74/2904474_image2_1.jpg","126.5634996293","33.5258892057","88로스터즈"
"제주특별자치도 서귀포시 신양로 112","39","2877751","39","http://tong.visitkorea.or.kr/cms/resource/44/2877744_image2_1.jpg","126.9215622735","33.4364604082","신왕"
"제주특별자치도 서귀포시 서광남로115번길 12","39","2877734","39","http://tong.visitkorea.or.kr/cms/resource/25/2877725_image2_1.jpg","126.2989780683","33.2833896168","소규모식탁"
"제주특별자치도 서귀포시 솜반천로55번길 12-8","39","2877671","39","http://tong.visitkorea.or.kr/cms/resource/55/2877655_image2_1.jpg","126.5544260403","33.2526164877","서홍정원"
"제주특별자치도 서귀포시 신양로122번길 45-1","39","2877634","39","http://tong.visitkorea.or.kr/cms/resource/22/2877622_image2_1.jpg","126.9189153017","33.4355354670","랜딩커피"
"제주특별자치도 서귀포시 중문관광로 16 (색달동)","39","2877612","39","http://tong.visitkorea.or.kr/cms/resource/99/2877599_image2_1.jpg","126.4147019510","33.2567416016","두리둠비"
"제주특별자치도 제주시 연북로 724","39","2876854","39","http://tong.visitkorea.or.kr/cms/resource/46/2876846_image2_1.JPG","126.5532484301","33.4956423901","제주또시랑"
"제주특별자치도 제주시 서해안로 352-1","39","2876836","39","http://tong.visitkorea.or.kr/cms/resource/24/2876824_image2_1.JPG","126.4827764432","33.5104174096","제주공항그때그집"
"제주특별자치도 제주시 도남로 59","39","2876814","39","http://tong.visitkorea.or.kr/cms/resource/67/2876767_image2_1.JPG","126.5276839983","33.4950753788","육도담 제주시청본점"
"제주특별자치도 서귀포시 일주서로 909","39","2876704","39","http://tong.visitkorea.or.kr/cms/resource/96/2876696_image2_1.jpg","126.4132881627","33.2577303589","중문 돌담흑돼지"
"제주특별자치도 제주시 구좌읍 송당5길 68-140","39","2499713","39","","126.7890922698","33.4769510167","송당나무"
"제주특별자치도 서귀포시 안덕면 사계로114번길 54-86","39","2384971","39","","126.3078283451","33.2363505061","지오아라"
"제주특별자치도 제주시 구좌읍 동복로 33","39","1847757","39","http://tong.visitkorea.or.kr/cms/resource/12/3466512_image2_1.jpg","126.7098946061","33.5536884744","해녀촌"
"제주특별자치도 제주시 애월읍 애월로1길 24","39","1964507","39","http://tong.visitkorea.or.kr/cms/resource/22/3466522_image2_1.jpg","126.3102064238","33.4625033154","놀맨"
"제주특별자치도 서귀포시 성산읍 신고로 30-1","39","2755470","39","http://tong.visitkorea.or.kr/cms/resource/58/2755658_image2_1.jpg","126.9171792715","33.4385517727","해왓"
"제주특별자치도 제주시 애월읍 애월로1길 24-3","39","2759614","39","http://tong.visitkorea.or.kr/cms/resource/18/2759718_image2_1.jpg","126.3101758592","33.4630171465","은혜전복"
"제주특별자치도 제주시 한림읍 한림로 158","39","3059362","39","http://tong.visitkorea.or.kr/cms/resource/59/3059359_image2_1.jpg","126.2248544545","33.3857660241","혼저"
"제주특별자치도 제주시 중앙로2길 25 (삼도이동)","39","2794971","39","http://tong.visitkorea.or.kr/cms/resource/48/2798548_image2_1.JPG","126.5220923173","33.5171006294","일통이반"
"제주특별자치도 제주시 중앙로12길 21 (삼도이동)","39","2891431","39","http://tong.visitkorea.or.kr/cms/resource/49/2877749_image2_1.JPG","126.5224396217","33.5121511830","하귀정담"
"제주특별자치도 제주시 한림읍 협재1길 11","39","2792543","39","http://tong.visitkorea.or.kr/cms/resource/36/2800436_image2_1.jpg","126.2424860137","33.3965428856","협재 수우동"
"제주특별자치도 제주시 한림읍 한림해안로 141","39","2792539","39","http://tong.visitkorea.or.kr/cms/resource/03/2800503_image2_1.jpg","126.2615172662","33.4155966307","한림칼국수 제주본점"
"제주특별자치도 제주시 한림읍 금능길 12","39","2792536","39","http://tong.visitkorea.or.kr/cms/resource/20/2799720_image2_1.jpg","126.2249905356","33.3865992669","안녕협재씨"
"제주특별자치도 제주시 조천읍 선흘서2길 22","39","2792535","39","http://tong.visitkorea.or.kr/cms/resource/08/2799608_image2_1.jpg","126.6901500792","33.5108928938","선흘곶"
"제주특별자치도 제주시 우도면 우도해안길 32-24","39","2811460","39","http://tong.visitkorea.or.kr/cms/resource/54/2811454_image2_1.jpg","126.9548691711","33.4940129228","카페 톨칸이"
"제주특별자치도 서귀포시 성산읍 섭지코지로 10","39","2791481","39","http://tong.visitkorea.or.kr/cms/resource/08/2800608_image2_1.jpg","126.9180930788","33.4386573313","가시아방국수"
"제주특별자치도 서귀포시 천제연로188번길 17","39","2791440","39","http://tong.visitkorea.or.kr/cms/resource/76/2800476_image2_1.jpg","126.4244290287","33.2503119092","제주한라국수"
"제주특별자치도 서귀포시 표선면 중산간동로 4772","39","2791213","39","http://tong.visitkorea.or.kr/cms/resource/22/2791222_image2_1.jpg","126.7912859405","33.3810894210","오늘은녹차한잔"
"제주특별자치도 서귀포시 성산읍 중산간동로 3147-7","39","2791194","39","http://tong.visitkorea.or.kr/cms/resource/00/2791200_image2_1.jpg","126.8718968106","33.4504413940","어니스트밀크 본점"
"제주특별자치도 제주시 한경면 조수7길 8","39","2790487","39","http://tong.visitkorea.or.kr/cms/resource/02/2792102_image2_1.jpg","126.2335770008","33.3371215416","제주돌창고"
"제주특별자치도 제주시 도공로 154-12 (이호이동)","39","2789395","39","http://tong.visitkorea.or.kr/cms/resource/63/2800563_image2_1.jpg","126.4672142621","33.4947688948","제주태백산본점"
"제주특별자치도 제주시 애월읍 애월해안로 682","39","2788879","39","http://tong.visitkorea.or.kr/cms/resource/62/2796262_image2_1.jpg","126.3749809108","33.4817883141","해성도뚜리"
"제주특별자치도 제주시 구좌읍 행원로7길 23-16","39","2786082","39","http://tong.visitkorea.or.kr/cms/resource/59/2792559_image2_1.jpg","126.8062778418","33.5563369572","그초록"
"제주특별자치도 제주시 구좌읍 평대2길 39","39","2785334","39","http://tong.visitkorea.or.kr/cms/resource/37/2785337_image2_1.jpg","126.8396671263","33.5339816371","카페리"
"제주특별자치도 제주시 구좌읍 월정1길 14","39","2785326","39","http://tong.visitkorea.or.kr/cms/resource/28/2785328_image2_1.jpg","126.7908070350","33.5531870564","월정리 달이뜨는식탁 (달이뜨는식탁)"
"제주특별자치도 서귀포시 안덕면 난드르로 49-65","39","2785320","39","http://tong.visitkorea.or.kr/cms/resource/23/2785323_image2_1.jpg","126.3665955587","33.2322657684","휴일로"
"제주특별자치도 서귀포시 안덕면 녹차분재로 60","39","2785301","39","http://tong.visitkorea.or.kr/cms/resource/04/2785304_image2_1.jpg","126.3019248585","33.2913082326","제주순메밀막국수"
"제주특별자치도 제주시 선사로8길 13-6 (삼양일동)","39","2783440","39","http://tong.visitkorea.or.kr/cms/resource/27/2784627_image2_1.jpg","126.5865781812","33.5257673656","에오마르"
"제주특별자치도 제주시 조천읍 조함해안로 519-10","39","2783406","39","http://tong.visitkorea.or.kr/cms/resource/13/2784613_image2_1.jpg","126.6687289685","33.5436111507","델문도"
"제주특별자치도 제주시 성화로9길 10 (용담이동)","39","2783400","39","http://tong.visitkorea.or.kr/cms/resource/08/2784608_image2_1.jpg","126.5044161774","33.5126591724","논짓물식당"
"제주특별자치도 서귀포시 대정읍 보성구억로126번길 34","39","2783393","39","http://tong.visitkorea.or.kr/cms/resource/05/2784605_image2_1.jpg","126.2797079652","33.2633165320","크래커스"
"제주특별자치도 서귀포시 성산읍 환해장성로 75","39","2783386","39","http://tong.visitkorea.or.kr/cms/resource/98/2784598_image2_1.jpg","126.8799727482","33.3791188448","카페 아오오"
"제주특별자치도 서귀포시 성산읍 신양로 101","39","2783385","39","http://tong.visitkorea.or.kr/cms/resource/94/2784594_image2_1.jpg","126.9206595666","33.4367798025","제주로운청해원"
"제주특별자치도 서귀포시 안덕면 사계남로216번길 24-73","39","2783376","39","http://tong.visitkorea.or.kr/cms/resource/83/2784583_image2_1.jpg","126.3124946210","33.2357006510","순천미향 제주산방산본점"
"제주특별자치도 서귀포시 일주서로 1146 (상예동)","39","2783304","39","http://tong.visitkorea.or.kr/cms/resource/03/2783703_image2_1.jpg","126.3907705168","33.2646820142","갈치왕"
"제주특별자치도 제주시 구좌읍 구좌해안로 141","39","2782858","39","http://tong.visitkorea.or.kr/cms/resource/63/2783163_image2_1.jpg","126.7279651224","33.5595964443","카페모알보알 제주점"
"제주특별자치도 제주시 애월읍 유수암평화5길 15-8","39","2781493","39","http://tong.visitkorea.or.kr/cms/resource/30/2795030_image2_1.jpg","126.4052962464","33.4237924354","키친아루요"
"제주특별자치도 서귀포시 중정로 25 (서귀동)","39","2781431","39","http://tong.visitkorea.or.kr/cms/resource/63/2800363_image2_1.jpg","126.5590868593","33.2476448874","삼보식당"
"제주특별자치도 제주시 애월읍 고내로 13-1","39","2781427","39","http://tong.visitkorea.or.kr/cms/resource/77/2795477_image2_1.jpg","126.3390761161","33.4633147917","만지식당"
"제주특별자치도 서귀포시 남원읍 공천포로 89","39","2781375","39","http://tong.visitkorea.or.kr/cms/resource/94/2800294_image2_1.jpg","126.6425958686","33.2664163660","공천포식당"
"제주특별자치도 서귀포시 대정읍 대한로 33","39","2781324","39","http://tong.visitkorea.or.kr/cms/resource/39/2800239_image2_1.jpg","126.2452033549","33.2305112828","모슬포한라전복 본점"
"제주특별자치도 제주시 애월읍 애월로 118","39","2780230","39","http://tong.visitkorea.or.kr/cms/resource/91/2792991_image2_1.jpg","126.3197749933","33.4643977009","애월튀김간"
"제주특별자치도 서귀포시 표선면 번영로 2454","39","2774895","39","http://tong.visitkorea.or.kr/cms/resource/33/2774933_image2_1.jpg","126.7698788286","33.4088221258","목장카페드르쿰다"
"제주특별자치도 서귀포시 중산간서로 726 (중문동)","39","2774884","39","http://tong.visitkorea.or.kr/cms/resource/50/2774950_image2_1.jpg","126.4377636869","33.2635773213","운정이네"
"제주특별자치도 서귀포시 표선면 중산간동로 4628","39","2891382","39","http://tong.visitkorea.or.kr/cms/resource/86/2877686_image2_1.JPG","126.8012793071","33.3903524480","초가헌"
"제주특별자치도 제주시 동백로 122","39","2829786","39","","126.7200169877","33.5083825400","비케이브"
"제주특별자치도 서귀포시 안덕면 중산간서로 2026","39","2737284","39","http://tong.visitkorea.or.kr/cms/resource/42/2737542_image2_1.jpg","126.3072216792","33.2886863834","커피프렌즈촬영지"
"제주특별자치도 서귀포시 토평동 511","39","2664574","39","http://tong.visitkorea.or.kr/cms/resource/69/3389969_image2_1.jpg","126.5780296770","33.2469591520","허니문하우스"
"제주특별자치도 제주시 오일장중길 89-16 (도두일동)","39","2767589","39","http://tong.visitkorea.or.kr/cms/resource/94/2767594_image2_1.JPG","126.4759245195","33.4989963433","안녕전복"
"제주특별자치도 서귀포시 예래로396번길 13-33","39","2654153","39","http://tong.visitkorea.or.kr/cms/resource/69/2655469_image2_1.jpg","126.3721032863","33.2380179980","나니아레스토랑"
"제주특별자치도 제주시 한림읍 한림로 478","39","1881664","39","http://tong.visitkorea.or.kr/cms/resource/29/3397029_image2_1.jpg","126.2516239880","33.4019146568","독개물항"
"제주특별자치도 제주시 고마로13길 8","39","1861280","39","","126.5407381130","33.5085574275","은희네해장국"
"제주특별자치도 제주시 오라로 152","39","1883646","39","","126.5187959033","33.4941364520","만세국수"
"제주특별자치도 서귀포시 안덕면 창천중앙로24번길 16","39","2654442","39","http://tong.visitkorea.or.kr/cms/resource/80/2655480_image2_1.jpg","126.3705528309","33.2645067162","춘심이네"
"제주특별자치도 제주시 구좌읍 비자림로 1199","39","3443241","39","http://tong.visitkorea.or.kr/cms/resource/64/3443264_image2_1.jpg","126.7325203236","33.4365434621","코리코카페 제주점"
"제주특별자치도 제주시 구좌읍 해맞이해안로 1240-3","39","1828308","39","http://tong.visitkorea.or.kr/cms/resource/21/1827421_image2_1.jpg","126.8463054731","33.5325096853","소라횟집"
"제주특별자치도 서귀포시 대정읍 하모항구로 76","39","2781325","39","http://tong.visitkorea.or.kr/cms/resource/87/2800487_image2_1.jpg","126.2517224623","33.2201653043","홍성방"
"제주특별자치도 제주시 한라대학로 11","39","1019491","39","","126.4735529330","33.4800372929","흑돈가 제주"
"제주특별자치도 서귀포시 월드컵로 63 (법환동)","39","3444948","39","http://tong.visitkorea.or.kr/cms/resource/90/3444890_image2_1.jpg","126.5059832166","33.2437000371","부부요리단"
"제주특별자치도 제주시 도남로6길 16","39","687869","39","","126.5261257672","33.4965335254","도남오거리식당"
"제주특별자치도 서귀포시 표선면 표선동서로264번길 22","39","2876488","39","http://tong.visitkorea.or.kr/cms/resource/82/2876482_image2_1.JPG","126.8359360817","33.3271655353","바타타식탁"
"제주특별자치도 서귀포시 법환로 11 (법환동)","39","2876416","39","http://tong.visitkorea.or.kr/cms/resource/89/2876389_image2_1.jpg","126.5138521391","33.2365509509","다린"
"제주특별자치도 서귀포시 남원읍 태위로398번길 7","39","2873771","39","http://tong.visitkorea.or.kr/cms/resource/59/2873759_image2_1.jpg","126.6898277081","33.2744162356","취향의섬"
"제주특별자치도 서귀포시 남원읍 태위로 17","39","2873724","39","http://tong.visitkorea.or.kr/cms/resource/15/2873715_image2_1.jpg","126.6498228833","33.2724741457","수와래베이커리"
"제주특별자치도 서귀포시 남원읍 태신해안로 125","39","2873708","39","http://tong.visitkorea.or.kr/cms/resource/89/2873689_image2_1.jpg","126.7613961079","33.2921987516","모카다방"
"제주특별자치도 서귀포시 대정읍 상모로 257","39","2873679","39","http://tong.visitkorea.or.kr/cms/resource/69/2873669_image2_1.jpg","126.2617326224","33.2238983821","검은노루"
"제주특별자치도 서귀포시 이어도로 679 (강정동)","39","2872007","39","http://tong.visitkorea.or.kr/cms/resource/00/2872000_image2_1.jpg","126.4883516177","33.2344702214","영육일삼"
"제주특별자치도 서귀포시 신중로13번길 3-5 (강정동)","39","2871997","39","http://tong.visitkorea.or.kr/cms/resource/91/2871991_image2_1.jpg","126.5062940212","33.2561625560","코우"
"제주특별자치도 제주시 한림읍 수동7길 54-3","39","2871986","39","http://tong.visitkorea.or.kr/cms/resource/84/2871984_image2_1.jpg","126.2483810957","33.3449292436","그린페블"
"제주특별자치도 제주시 구좌읍 김녕로6길 2","39","2871977","39","http://tong.visitkorea.or.kr/cms/resource/68/2871968_image2_1.jpg","126.7463525363","33.5542973273","김녕에사는김영훈"
"제주특별자치도 서귀포시 월드컵로 8 (강정동)","39","2871971","39","http://tong.visitkorea.or.kr/cms/resource/59/2871959_image2_1.jpg","126.5073357581","33.2490216935","시스터필드"
"제주특별자치도 제주시 수덕9길 82-4 (노형동)","39","2871956","39","http://tong.visitkorea.or.kr/cms/resource/49/2871949_image2_1.jpg","126.4702031482","33.4834035344","만복반미 노형 본점"
"제주특별자치도 서귀포시 남원읍 태수로608번길 84","39","2871954","39","http://tong.visitkorea.or.kr/cms/resource/39/2871939_image2_1.jpg","126.7189265562","33.3365903957","수망다원"
"제주특별자치도 제주시 구산로 3 (아라일동)","39","2871934","39","http://tong.visitkorea.or.kr/cms/resource/25/2871925_image2_1.jpg","126.5362973823","33.4843433703","배셰프"
"제주특별자치도 서귀포시 태평로 449 (서귀동)","39","2871931","39","http://tong.visitkorea.or.kr/cms/resource/21/2871921_image2_1.jpg","126.5675833663","33.2466895723","센트로"
"제주특별자치도 제주시 구좌읍 해맞이해안로 2244","39","2871919","39","http://tong.visitkorea.or.kr/cms/resource/11/2871911_image2_1.jpg","126.9112117082","33.4998782328","어멍이해녀"
"제주특별자치도 서귀포시 대청로 33 (강정동)","39","2871913","39","http://tong.visitkorea.or.kr/cms/resource/06/2871906_image2_1.jpg","126.5033360199","33.2527962138","봉주르마담"
"제주특별자치도 제주시 연화남길 10 (연동)","39","2871898","39","http://tong.visitkorea.or.kr/cms/resource/92/2871892_image2_1.jpg","126.4894322054","33.4757463539","제주연탄길 신제주본점"
"제주특별자치도 서귀포시 대정읍 에듀시티로 74 (라온프라이빗에듀)","39","2871897","39","http://tong.visitkorea.or.kr/cms/resource/82/2871882_image2_1.jpg","126.2826099295","33.2886026732","뱅인타코 제주본점"
"제주특별자치도 서귀포시 성산읍 일출로 267","39","2871879","39","http://tong.visitkorea.or.kr/cms/resource/67/2871867_image2_1.jpg","126.9337411898","33.4618078051","모해통갈치화덕구이"
"제주특별자치도 서귀포시 중산간서로 695 (회수동)","39","2871851","39","http://tong.visitkorea.or.kr/cms/resource/45/2871845_image2_1.jpg","126.4411800675","33.2631329802","누이밥집"
"제주특별자치도 제주시 조천읍 동백로 68","39","2871099","39","http://tong.visitkorea.or.kr/cms/resource/88/2871088_image2_1.jpg","126.7144980053","33.5091407006","카페 동백"
"제주특별자치도 제주시 한림읍 명재로 17","39","2870974","39","http://tong.visitkorea.or.kr/cms/resource/66/2870966_image2_1.jpg","126.2488049381","33.3952264638","협재신국수"
"제주특별자치도 서귀포시 성산읍 한도로 67","39","2870955","39","http://tong.visitkorea.or.kr/cms/resource/46/2870946_image2_1.jpg","126.9154092981","33.4681706940","성산포 자연산 회센타"
"제주특별자치도 제주시 연오로 35 (오라삼동)","39","2870937","39","http://tong.visitkorea.or.kr/cms/resource/18/2870918_image2_1.jpg","126.5020363394","33.4901477379","메콩스카이"
"제주특별자치도 제주시 수목원길 51 (연동)","39","2870912","39","http://tong.visitkorea.or.kr/cms/resource/95/2870895_image2_1.jpg","126.4901906019","33.4700581065","포도원흑돼지"
"제주특별자치도 제주시 동문로4길 12 (일도일동)","39","2870910","39","http://tong.visitkorea.or.kr/cms/resource/96/2870896_image2_1.jpg","126.5278585879","33.5124928981","사랑분식"
"제주특별자치도 제주시 한라대학로 31 (노형동)","39","2870869","39","http://tong.visitkorea.or.kr/cms/resource/67/2870867_image2_1.jpg","126.4750333913","33.4786485812","참맛나김밥"
"제주특별자치도 제주시 무근성7길 24 (삼도이동)","39","2870843","39","http://tong.visitkorea.or.kr/cms/resource/33/2870833_image2_1.jpg","126.5207480456","33.5146397691","제주시새우리"
"제주특별자치도 제주시 구좌읍 한동로 27","39","3056356","39","http://tong.visitkorea.or.kr/cms/resource/55/3056355_image2_1.jpg","126.8245378080","33.5372671402","카페술도가제주바당"
"제주특별자치도 서귀포시 천제연로188번길 6-6 (중문동)","39","2853302","39","http://tong.visitkorea.or.kr/cms/resource/95/2853295_image2_1.jpg","126.4239762659","33.2513867831","마노커피하우스"
"제주특별자치도 제주시 한경면 두신로 112","39","2840856","39","http://tong.visitkorea.or.kr/cms/resource/45/2840845_image2_1.jpg","126.1848670034","33.3526162874","두모리이수사"
"제주특별자치도 제주시 아란서길 110 (아라일동)","39","2836994","39","http://tong.visitkorea.or.kr/cms/resource/83/2836983_image2_1.JPG","126.5399668613","33.4687562651","정가네밥상"
"제주특별자치도 제주시 구좌읍 동복로 11","39","2836891","39","http://tong.visitkorea.or.kr/cms/resource/84/2836884_image2_1.jpg","126.7076142444","33.5538828606","바람벽에흰당나귀"
"제주특별자치도 서귀포시 성산읍 일출로 258-11","39","2755466","39","http://tong.visitkorea.or.kr/cms/resource/52/2755652_image2_1.jpg","126.9343189349","33.4610523426","코코마마"
"제주특별자치도 제주시 구좌읍 용눈이오름로 8","39","1909319","39","","126.8931273496","33.4918621597","종달수다뜰"
"제주특별자치도 제주시 우도면 우도해안길 814","39","2870651","39","http://tong.visitkorea.or.kr/cms/resource/47/2870647_image2_1.jpg","126.9576601478","33.5133691617","섬소나이 우도본점"
"제주특별자치도 제주시 애월읍 애월해안로 552-3","39","2870619","39","http://tong.visitkorea.or.kr/cms/resource/12/2870612_image2_1.jpg","126.3624376332","33.4784329318","바당한그릇"
"제주특별자치도 제주시 애월읍 곽지1길 12-12 (곽지어촌계펜션)","39","2870608","39","http://tong.visitkorea.or.kr/cms/resource/06/2870606_image2_1.jpg","126.3051849634","33.4480465039","로맨틱새우 애월곽지본점"
"제주특별자치도 제주시 도공로 34 (도두일동)","39","2870596","39","http://tong.visitkorea.or.kr/cms/resource/95/2870595_image2_1.jpg","126.4658975168","33.5032984850","도두후레쉬"
"제주특별자치도 제주시 한라대학로 85 (노형동)","39","2870589","39","http://tong.visitkorea.or.kr/cms/resource/83/2870583_image2_1.jpg","126.4793136221","33.4765544369","도갈비"
"제주특별자치도 제주시 한림읍 금악로 18","39","2870559","39","http://tong.visitkorea.or.kr/cms/resource/54/2870554_image2_1.jpg","126.2966404832","33.3586812581","금악 똣똣라면"
"제주특별자치도 서귀포시 중문상로 58-5 (중문동)","39","2870495","39","http://tong.visitkorea.or.kr/cms/resource/83/2870483_image2_1.jpg","126.4267398674","33.2535310345","만족한상회 중문점"
"제주특별자치도 제주시 한림읍 금능5길 13","39","2864429","39","http://tong.visitkorea.or.kr/cms/resource/67/2864367_image2_1.jpg","126.2265653531","33.3886212901","카페이면"
"제주특별자치도 서귀포시 남원읍 태위로 129","39","2864309","39","http://tong.visitkorea.or.kr/cms/resource/97/2864297_image2_1.JPG","126.6611773948","33.2751462540","오뚜기빵집"
"제주특별자치도 제주시 구좌읍 문주란로1길 74-20","39","2864287","39","http://tong.visitkorea.or.kr/cms/resource/82/2864282_image2_1.jpg","126.8849939513","33.5252472254","윤스타피자앤파스타"
"제주특별자치도 제주시 무근성3길 9 (삼도이동)","39","2864269","39","http://tong.visitkorea.or.kr/cms/resource/66/2864266_image2_1.JPG","126.5189482217","33.5137787240","숲 제주"
"제주특별자치도 제주시 애월읍 애월해안로 11","39","2864216","39","http://tong.visitkorea.or.kr/cms/resource/13/2864213_image2_1.jpg","126.3163947036","33.4656613963","애월리순메밀막국수"
"제주특별자치도 제주시 도남로 52 (도남동)","39","2863940","39","http://tong.visitkorea.or.kr/cms/resource/37/2863937_image2_1.JPG","126.5270118197","33.4957030765","52번가"
"제주특별자치도 제주시 구좌읍 중산간동로 2064","39","2863927","39","http://tong.visitkorea.or.kr/cms/resource/18/2863918_image2_1.JPG","126.7640945189","33.4734065616","고사리커피"
"제주특별자치도 제주시 애월읍 구엄동3길 56","39","2863913","39","http://tong.visitkorea.or.kr/cms/resource/07/2863907_image2_1.jpg","126.3809026350","33.4810246035","고토커피바"
"제주특별자치도 제주시 광양14길 17-10 (이도이동)","39","2863893","39","http://tong.visitkorea.or.kr/cms/resource/92/2863892_image2_1.JPG","126.5293671382","33.4971696180","김마리"
"제주특별자치도 제주시 조천읍 비자림로 607","39","2863811","39","http://tong.visitkorea.or.kr/cms/resource/96/2863796_image2_1.JPG","126.6726811287","33.4339761204","도리 관광농원"
"제주특별자치도 제주시 서해안로 579 (용담삼동)","39","2863793","39","http://tong.visitkorea.or.kr/cms/resource/80/2863780_image2_1.jpg","126.5001053072","33.5185584509","듀포레"
"제주특별자치도 서귀포시 대정읍 중산간서로 2985","39","2863775","39","http://tong.visitkorea.or.kr/cms/resource/67/2863767_image2_1.jpg","126.2261788847","33.2812303818","반양"
"제주특별자치도 서귀포시 중앙로 35 (서귀동)","39","2863719","39","http://tong.visitkorea.or.kr/cms/resource/12/2863712_image2_1.JPG","126.5617171836","33.2477615824","제주약수터"
"제주특별자치도 제주시 구좌읍 해맞이해안로 462","39","2863660","39","http://tong.visitkorea.or.kr/cms/resource/54/2863654_image2_1.JPG","126.7962342877","33.5555396610","모래비 커피로스터스 앤 베이커리"
"제주특별자치도 제주시 애월읍 하귀로25길 2","39","2863658","39","http://tong.visitkorea.or.kr/cms/resource/40/2863640_image2_1.jpg","126.4002870893","33.4797111671","싸이공레시피"
"제주특별자치도 제주시 구좌읍 해맞이해안로 943","39","2863633","39","http://tong.visitkorea.or.kr/cms/resource/31/2863631_image2_1.JPG","126.8280623182","33.5452329825","인카페온더비치"
"제주특별자치도 제주시 구좌읍 면수1길 48","39","2863622","39","http://tong.visitkorea.or.kr/cms/resource/20/2863620_image2_1.JPG","126.8629764281","33.5247497020","카페한라산"
"제주특별자치도 제주시 서해안로 468-4 (용담삼동)","39","2863603","39","http://tong.visitkorea.or.kr/cms/resource/02/2863602_image2_1.JPG","126.4894034608","33.5185332833","차롱보말전복칼국수 제주공항점"
"제주특별자치도 제주시 진동로 3 (화북일동, 건하주택)","39","2863597","39","http://tong.visitkorea.or.kr/cms/resource/87/2863587_image2_1.jpg","126.5686021115","33.5193788962","젬마손"
"제주특별자치도 제주시 구좌읍 한동로 119","39","2862117","39","http://tong.visitkorea.or.kr/cms/resource/08/2862108_image2_1.JPG","126.8185162288","33.5320204007","그계절"
"제주특별자치도 제주시 구좌읍 해맞이해안로 518","39","2862097","39","http://tong.visitkorea.or.kr/cms/resource/90/2862090_image2_1.JPG","126.8013338239","33.5564618637","담백 월정리본점"
"제주특별자치도 제주시 한림읍 한림해안로 311","39","2862068","39","http://tong.visitkorea.or.kr/cms/resource/52/2862052_image2_1.jpg","126.2635167927","33.4290090665","비양놀"
"제주특별자치도 제주시 애월읍 일주서로 6111","39","2862045","39","http://tong.visitkorea.or.kr/cms/resource/43/2862043_image2_1.JPG","126.3090427778","33.4562095496","애월더선셋"
"제주특별자치도 제주시 연신로 51 (이도이동)","39","2861967","39","http://tong.visitkorea.or.kr/cms/resource/60/2861960_image2_1.JPG","126.5469489499","33.4968782641","장모식탁"
"제주특별자치도 제주시 탑동로 119 (삼도이동)","39","2861952","39","http://tong.visitkorea.or.kr/cms/resource/46/2861946_image2_1.JPG","126.5180205022","33.5147647120","제주에가면"
"제주특별자치도 제주시 애월읍 애월로 11","39","2861940","39","http://tong.visitkorea.or.kr/cms/resource/31/2861931_image2_1.JPG","126.3112758307","33.4600591587","트라이브"
"제주특별자치도 제주시 한림읍 금능7길 22","39","2861708","39","http://tong.visitkorea.or.kr/cms/resource/07/2861707_image2_1.JPG","126.2278124372","33.3899739377","피어22"
"제주특별자치도 제주시 칠성로길 27 (일도일동)","39","2861702","39","http://tong.visitkorea.or.kr/cms/resource/96/2861696_image2_1.jpg","126.5257892768","33.5145343053","이돈갓"
"제주특별자치도 서귀포시 남원읍 공천포로11번길 19","39","2861616","39","http://tong.visitkorea.or.kr/cms/resource/15/2861615_image2_1.JPG","126.6406544039","33.2648998349","카페지니"
"제주특별자치도 서귀포시 속골로 29-10 (호근동)","39","2861515","39","http://tong.visitkorea.or.kr/cms/resource/10/2861510_image2_1.JPG","126.5285812818","33.2426199585","하라케케"
"제주특별자치도 제주시 구좌읍 동복로 30-2","39","2861489","39","http://tong.visitkorea.or.kr/cms/resource/78/2861478_image2_1.JPG","126.7093335545","33.5532162949","동복뚝배기"
"제주특별자치도 서귀포시 안덕면 형제해안로 70","39","2861390","39","http://tong.visitkorea.or.kr/cms/resource/83/2861383_image2_1.JPG","126.2998264940","33.2258737598","그레이그로브"
"제주특별자치도 제주시 구좌읍 대수길 26","39","2861378","39","http://tong.visitkorea.or.kr/cms/resource/67/2861367_image2_1.jpg","126.8379755451","33.5366396491","평대스낵"
"제주특별자치도 서귀포시 표선면 표선당포로 9","39","2861372","39","http://tong.visitkorea.or.kr/cms/resource/65/2861365_image2_1.JPG","126.8435882289","33.3257880323","당포로나인 돈카츠"
"제주특별자치도 제주시 애월읍 상가목장길 84","39","2861349","39","http://tong.visitkorea.or.kr/cms/resource/52/2861352_image2_1.jpg","126.3834849354","33.3934398929","크라운돼지"
"제주특별자치도 제주시 청귤로 12 (이도이동)","39","2860705","39","http://tong.visitkorea.or.kr/cms/resource/93/2860693_image2_1.jpg","126.5375247049","33.4996944686","남춘식당"
"제주특별자치도 제주시 애월읍 평화로 2783","39","2860662","39","http://tong.visitkorea.or.kr/cms/resource/46/2860646_image2_1.jpg","126.4391926606","33.4521870521","마마롱"
"제주특별자치도 서귀포시 막숙포로41번길 66 (법환동)","39","2859187","39","http://tong.visitkorea.or.kr/cms/resource/72/2859172_image2_1.JPG","126.5192349174","33.2404894900","벙커하우스"
"제주특별자치도 서귀포시 성산읍 성산등용로 94","39","2859164","39","http://tong.visitkorea.or.kr/cms/resource/57/2859157_image2_1.JPG","126.9299885503","33.4698901853","그리운바다성산포"
"제주특별자치도 서귀포시 안덕면 형제해안로 30","39","2859090","39","http://tong.visitkorea.or.kr/cms/resource/78/2859078_image2_1.JPG","126.3034900221","33.2278069374","뷰스트"
"제주특별자치도 서귀포시 법환상로2번길 97-18 (법환동)","39","2859072","39","http://tong.visitkorea.or.kr/cms/resource/65/2859065_image2_1.JPG","126.5117576314","33.2474636019","앙끄레국수 서귀포본점"
"제주특별자치도 서귀포시 일주서로 993 (색달동)","39","2859012","39","http://tong.visitkorea.or.kr/cms/resource/05/2859005_image2_1.jpg","126.4045389069","33.2583912595","중문색달통갈치 본점"
"제주특별자치도 서귀포시 일주서로 962 (색달동)","39","2858991","39","http://tong.visitkorea.or.kr/cms/resource/78/2858978_image2_1.JPG","126.4080774899","33.2583635404","중문해물라면오빠네"
"제주특별자치도 서귀포시 성산읍 한도로 269","39","2858976","39","http://tong.visitkorea.or.kr/cms/resource/59/2858959_image2_1.JPG","126.9360103489","33.4656657488","카페더라이트"
"제주특별자치도 제주시 해안마을5길 29 (해안동)","39","2858942","39","http://tong.visitkorea.or.kr/cms/resource/37/2858937_image2_1.JPG","126.4557438621","33.4582838623","스테이위드커피"
"제주특별자치도 제주시 한림읍 일주서로 5857","39","2858680","39","http://tong.visitkorea.or.kr/cms/resource/70/2858670_image2_1.jpg","126.2919278890","33.4433440378","카페콜라"
"제주특별자치도 제주시 한림읍 한림로 585","39","2858577","39","http://tong.visitkorea.or.kr/cms/resource/64/2858564_image2_1.jpg","126.2587593151","33.4092250708","명랑스낵"
"제주특별자치도 서귀포시 이어도로 189 (대포동)","39","2858485","39","http://tong.visitkorea.or.kr/cms/resource/83/2858483_image2_1.JPG","126.4417916581","33.2392606246","동도원"
"제주특별자치도 서귀포시 대정읍 신평로 32","39","2858479","39","http://tong.visitkorea.or.kr/cms/resource/78/2858478_image2_1.JPG","126.2575126051","33.2662630814","애플망고1947"
"제주특별자치도 서귀포시 대정읍 일과대수로27번길 22","39","2858473","39","http://tong.visitkorea.or.kr/cms/resource/71/2858471_image2_1.JPG","126.2292406748","33.2385073720","인스밀"
"제주특별자치도 서귀포시 대정읍 형제해안로 284","39","2858423","39","http://tong.visitkorea.or.kr/cms/resource/16/2858416_image2_1.JPG","126.2912859363","33.2092671261","트로피컬 하이드어웨이 카페"
"제주특별자치도 서귀포시 중문관광로 293 (대포동)","39","2858406","39","http://tong.visitkorea.or.kr/cms/resource/02/2858402_image2_1.JPG","126.4292786894","33.2466568335","중문회포장센터 새벽야시장"
"제주특별자치도 제주시 내도1길 23 (내도동)","39","2857329","39","http://tong.visitkorea.or.kr/cms/resource/94/2857294_image2_1.jpg","126.4370363208","33.4952100334","나라돈까스"
"제주특별자치도 제주시 중앙로 63-9 (이도일동)","39","2857289","39","http://tong.visitkorea.or.kr/cms/resource/79/2857279_image2_1.JPG","126.5250282923","33.5118512570","골목식당"
"제주특별자치도 제주시 구남로8길 17 (이도이동)","39","2857265","39","http://tong.visitkorea.or.kr/cms/resource/59/2857259_image2_1.JPG","126.5370555146","33.4902927242","513텐동"
"제주특별자치도 제주시 관덕로8길 24-1 (삼도이동)","39","2856999","39","http://tong.visitkorea.or.kr/cms/resource/88/2856988_image2_1.JPG","126.5231229205","33.5110679801","와르다레스토랑"
"제주특별자치도 제주시 조천읍 함덕13길 7","39","2854417","39","http://tong.visitkorea.or.kr/cms/resource/11/2854411_image2_1.jpg","126.6678651887","33.5421279676","훈남횟집"
"제주특별자치도 제주시 조천읍 신북로 489","39","2854403","39","http://tong.visitkorea.or.kr/cms/resource/99/2854399_image2_1.jpg","126.6624906317","33.5431583226","함덕회춘"
"제주특별자치도 제주시 구남로 22 (이도이동)","39","2854384","39","http://tong.visitkorea.or.kr/cms/resource/82/2854382_image2_1.jpg","126.5329253392","33.4893510958","형돈"
"제주특별자치도 제주시 아연로 444-1 (오등동)","39","2854335","39","http://tong.visitkorea.or.kr/cms/resource/26/2854326_image2_1.jpg","126.5287816055","33.4739110719","피커스 제주"
"제주특별자치도 제주시 한북로 176 (오등동)","39","2854312","39","http://tong.visitkorea.or.kr/cms/resource/05/2854305_image2_1.jpg","126.5341175164","33.4622818879","죽성고을"
"제주특별자치도 제주시 가령로 19 (이도이동)","39","2854271","39","http://tong.visitkorea.or.kr/cms/resource/60/2854260_image2_1.jpg","126.5372941084","33.5023775012","제주미담"
"제주특별자치도 제주시 한경면 저지12길 103","39","2854188","39","http://tong.visitkorea.or.kr/cms/resource/77/2854177_image2_1.jpg","126.2672212843","33.3377608871","우호적무관심"
"제주특별자치도 제주시 신광로10길 29 (연동)","39","2854121","39","http://tong.visitkorea.or.kr/cms/resource/13/2854113_image2_1.jpg","126.4867766981","33.4838148633","연정식당"
"제주특별자치도 제주시 관덕로13길 13 (일도일동)","39","2854102","39","http://tong.visitkorea.or.kr/cms/resource/96/2854096_image2_1.jpg","126.5259503799","33.5142426737","신해바라기"
"제주특별자치도 제주시 오복2길 23 (이도이동)","39","2854078","39","http://tong.visitkorea.or.kr/cms/resource/70/2854070_image2_1.jpg","126.5363666008","33.4940311883","시골길"
"제주특별자치도 제주시 우도면 우도해안길 1158","39","2854069","39","http://tong.visitkorea.or.kr/cms/resource/58/2854058_image2_1.jpg","126.9651070604","33.4988681080","소섬전복"
"제주특별자치도 제주시 한경면 고산로8길 21-15","39","2854041","39","http://tong.visitkorea.or.kr/cms/resource/38/2854038_image2_1.jpg","126.1800961663","33.3088766061","별돈별 정원본점"
"제주특별자치도 제주시 애월읍 하가로 180","39","2854015","39","http://tong.visitkorea.or.kr/cms/resource/02/2854002_image2_1.jpg","126.3469894950","33.4553769070","모들한상"
"제주특별자치도 제주시 광양10길 20 (이도이동)","39","2853982","39","http://tong.visitkorea.or.kr/cms/resource/75/2853975_image2_1.jpg","126.5281672061","33.4987305369","라토커피제주"
"제주특별자치도 제주시 애월읍 신엄안2길 54-1","39","2853644","39","http://tong.visitkorea.or.kr/cms/resource/30/2853630_image2_1.jpg","126.3702508713","33.4771137570","잇칸시타"
"제주특별자치도 제주시 조천읍 교래3길 23","39","2853604","39","http://tong.visitkorea.or.kr/cms/resource/96/2853596_image2_1.jpg","126.6793082885","33.4358676834","우동카덴"
"제주특별자치도 제주시 애월읍 애월해안로 253","39","2853566","39","http://tong.visitkorea.or.kr/cms/resource/46/2853546_image2_1.jpg","126.3390038084","33.4673976720","정직한돈 본점"
"제주특별자치도 제주시 관덕로7길 39 (삼도이동)","39","2852457","39","http://tong.visitkorea.or.kr/cms/resource/55/2852455_image2_1.JPG","126.5232394495","33.5166840271","ABC 에이팩토리베이커리카페"
"제주특별자치도 제주시 수목원길 16-14 (노형동)","39","2852374","39","http://tong.visitkorea.or.kr/cms/resource/73/2852373_image2_1.jpg","126.4858965666","33.4684609925","그러므로 파트2 (part2)"
"제주특별자치도 제주시 애월읍 애월해안로 591","39","2852232","39","http://tong.visitkorea.or.kr/cms/resource/22/2852222_image2_1.jpg","126.3669400192","33.4784135608","해녀의집"
"제주특별자치도 제주시 애월읍 애월로 106-1","39","2852155","39","http://tong.visitkorea.or.kr/cms/resource/51/2852151_image2_1.jpg","126.3185167661","33.4645504417","제레미"
"제주특별자치도 제주시 애월읍 애월로 87-16","39","2852108","39","http://tong.visitkorea.or.kr/cms/resource/04/2852104_image2_1.jpg","126.3168641577","33.4634172083","심바카레"
"제주특별자치도 제주시 애월읍 중산간서로 6333","39","2852038","39","http://tong.visitkorea.or.kr/cms/resource/29/2852029_image2_1.jpg","126.4080008181","33.4570443540","블루사이공"
"제주특별자치도 제주시 애월읍 광령평화10길 13","39","2851948","39","http://tong.visitkorea.or.kr/cms/resource/36/2851936_image2_1.jpg","126.4427450785","33.4544368598","라라카페"
"제주특별자치도 제주시 애월읍 천덕로 440-1","39","2851930","39","http://tong.visitkorea.or.kr/cms/resource/18/2851918_image2_1.jpg","126.3392548524","33.4199445958","도치돌가든"
"제주특별자치도 제주시 애월읍 애월해안로 654","39","2851902","39","http://tong.visitkorea.or.kr/cms/resource/97/2851897_image2_1.jpg","126.3727283662","33.4801051312","노을리"
"제주특별자치도 제주시 애월읍 구엄길 100","39","2851889","39","http://tong.visitkorea.or.kr/cms/resource/83/2851883_image2_1.jpg","126.3763307678","33.4828854364","노라바"
"제주특별자치도 제주시 애월읍 장소로 16","39","2851880","39","http://tong.visitkorea.or.kr/cms/resource/78/2851878_image2_1.jpg","126.3845530010","33.4506585782","애월 너와의 첫 여행 감귤창고카페"
"제주특별자치도 제주시 애월읍 유수암평화5길 33-3","39","2851874","39","http://tong.visitkorea.or.kr/cms/resource/73/2851873_image2_1.jpg","126.4053267934","33.4240646279","꿈낭밥집"
"제주특별자치도 제주시 애월읍 중산간서로 5642","39","2851868","39","http://tong.visitkorea.or.kr/cms/resource/66/2851866_image2_1.jpg","126.3387181818","33.4469499317","꽁순이네"
"제주특별자치도 제주시 구좌읍 김녕로21길 21","39","2851686","39","http://tong.visitkorea.or.kr/cms/resource/84/2851684_image2_1.jpg","126.7553155654","33.5578415238","김녕오라이"
"제주특별자치도 제주시 애월읍 고내1길 33","39","2851674","39","http://tong.visitkorea.or.kr/cms/resource/49/2851649_image2_1.jpg","126.3342820347","33.4657311153","마틸다"
"제주특별자치도 제주시 구좌읍 해맞이해안로 1112","39","2851487","39","http://tong.visitkorea.or.kr/cms/resource/74/2851474_image2_1.jpg","126.8375450072","33.5375034354","톰톰카레"
"제주특별자치도 서귀포시 홍중로 99 (서홍동)","39","2851375","39","http://tong.visitkorea.or.kr/cms/resource/55/2851355_image2_1.jpg","126.5554202004","33.2614377519","아리"
"제주특별자치도 서귀포시 성산읍 일출로 88-19","39","1984236","39","http://tong.visitkorea.or.kr/cms/resource/06/3466506_image2_1.jpg","126.9223591149","33.4499867050","백기해녀의집"
"제주특별자치도 서귀포시 막숙포로 61 (법환동)","39","1896087","39","http://tong.visitkorea.or.kr/cms/resource/98/3466498_image2_1.jpg","126.5150881596","33.2358010530","범섬앞어촌계횟집"
"제주특별자치도 서귀포시 속골로 13-7 (호근동)","39","2851274","39","http://tong.visitkorea.or.kr/cms/resource/62/2851262_image2_1.jpg","126.5285396544","33.2410562417","유디에이(UDA)"
"제주특별자치도 서귀포시 일주서로 626 (회수동)","39","2851090","39","http://tong.visitkorea.or.kr/cms/resource/57/2851057_image2_1.jpg","126.4424940592","33.2534285165","볼스카페"
"제주특별자치도 제주시 구좌읍 세화14길 3","39","2850913","39","http://tong.visitkorea.or.kr/cms/resource/05/2850905_image2_1.jpg","126.8606961680","33.5205279098","가는곶 세화"
"제주특별자치도 서귀포시 안덕면 화순로 67","39","2850127","39","http://tong.visitkorea.or.kr/cms/resource/17/2850117_image2_1.jpg","126.3385643087","33.2479552633","더리트리브"
"제주특별자치도 서귀포시 쇠소깍로 156 (하효동)","39","2850090","39","http://tong.visitkorea.or.kr/cms/resource/88/2850088_image2_1.jpg","126.6210730819","33.2509121773","쇠소깍 복순이네"
"제주특별자치도 서귀포시 남원읍 남원회관로 53","39","2850078","39","http://tong.visitkorea.or.kr/cms/resource/72/2850072_image2_1.JPG","126.7188195525","33.2783662631","원조남원포구식당"
"제주특별자치도 제주시 조천읍 선교로 212","39","2850014","39","http://tong.visitkorea.or.kr/cms/resource/01/2850001_image2_1.JPG","126.7003970128","33.4846070775","선흘방주할머니식당"
"제주특별자치도 제주시 월대1길 10 (외도이동)","39","2849994","39","http://tong.visitkorea.or.kr/cms/resource/88/2849988_image2_1.jpg","126.4335894126","33.4945794928","제주몹시"
"제주특별자치도 서귀포시 표선면 서성일로 63","39","2847916","39","http://tong.visitkorea.or.kr/cms/resource/04/2847904_image2_1.JPG","126.8025679194","33.3975711157","제주고사리맛집 복돼지식당"
"제주특별자치도 서귀포시 안덕면 사계북로41번길 189","39","2847804","39","http://tong.visitkorea.or.kr/cms/resource/02/2847802_image2_1.jpg","126.2978122567","33.2494544578","돗통 제주산방산본점"
"제주특별자치도 서귀포시 안덕면 화순서서로 492-4","39","2847715","39","","126.3032220973","33.2855116710","풀베개"
"제주특별자치도 제주시 애월읍 애월로19길 31","39","2847672","39","http://tong.visitkorea.or.kr/cms/resource/66/2847666_image2_1.JPG","126.3268465691","33.4657726604","장인의집"
"제주특별자치도 서귀포시 안덕면 산록남로 675","39","2845383","39","http://tong.visitkorea.or.kr/cms/resource/76/2845376_image2_1.jpg","126.3796367363","33.3279942898","한라산아래첫마을 영농조합법인"
"제주특별자치도 서귀포시 안덕면 덕수회관로74번길 33","39","2845370","39","http://tong.visitkorea.or.kr/cms/resource/61/2845361_image2_1.jpg","126.3063224681","33.2567176785","페를로"
"제주특별자치도 서귀포시 성산읍 해맞이해안로 2714","39","2845353","39","http://tong.visitkorea.or.kr/cms/resource/51/2845351_image2_1.jpg","126.9157675160","33.4718314066","오른"
"제주특별자치도 서귀포시 성산읍 일주동로 5023","39","2845335","39","http://tong.visitkorea.or.kr/cms/resource/33/2845333_image2_1.jpg","126.8822834985","33.3861208867","쉬어갓"
"제주특별자치도 서귀포시 성산읍 해맞이해안로 2526","39","2845297","39","http://tong.visitkorea.or.kr/cms/resource/93/2845293_image2_1.jpg","126.9016935056","33.4818106314","목화휴게소"
"제주특별자치도 서귀포시 남원읍 태위로360번길 30-8","39","2845288","39","http://tong.visitkorea.or.kr/cms/resource/84/2845284_image2_1.jpg","126.6845504210","33.2729274271","모노클제주"
"제주특별자치도 서귀포시 성산읍 삼달로 28-1","39","2845281","39","http://tong.visitkorea.or.kr/cms/resource/71/2845271_image2_1.jpg","126.8659214086","33.3694419084","덴드리"
"제주특별자치도 서귀포시 신서로32번길 20 (강정동)","39","2844094","39","http://tong.visitkorea.or.kr/cms/resource/83/2844083_image2_1.jpg","126.5061996473","33.2533795283","화고 흑돼지 신시가지점"
"제주특별자치도 서귀포시 일주서로 873 (색달동)","39","2844014","39","http://tong.visitkorea.or.kr/cms/resource/12/2844012_image2_1.jpg","126.4174405726","33.2580803858","천돈가 중문본점"
"제주특별자치도 서귀포시 대정읍 서삼중로 94","39","2843982","39","http://tong.visitkorea.or.kr/cms/resource/72/2843972_image2_1.jpg","126.2024645004","33.2711838996","제주고로"
"제주특별자치도 서귀포시 동홍동로 7 (동홍동)","39","2843968","39","http://tong.visitkorea.or.kr/cms/resource/61/2843961_image2_1.jpg","126.5747658776","33.2555609294","자리돔횟집"
"제주특별자치도 서귀포시 천제연로 97 (색달동)","39","2843955","39","http://tong.visitkorea.or.kr/cms/resource/45/2843945_image2_1.jpg","126.4161324192","33.2551056935","중문갈치조림 이조은식당"
"제주특별자치도 서귀포시 대정읍 보성구억로 223","39","2843921","39","http://tong.visitkorea.or.kr/cms/resource/07/2843907_image2_1.jpg","126.2783968021","33.2708184610","스모크하우스인구억"
"제주특별자치도 서귀포시 신서로32번길 14 (강정동)","39","2843867","39","http://tong.visitkorea.or.kr/cms/resource/59/2843859_image2_1.jpg","126.5060330058","33.2528934686","문치비"
"제주특별자치도 서귀포시 남원읍 태위로 3","39","2843815","39","http://tong.visitkorea.or.kr/cms/resource/06/2843806_image2_1.jpg","126.6484646784","33.2719991764","동선제면가"
"제주특별자치도 서귀포시 대정읍 하모항구로 70","39","2843749","39","http://tong.visitkorea.or.kr/cms/resource/39/2843739_image2_1.png","126.2513363972","33.2196098046","글라글라하와이"
"제주특별자치도 제주시 서해안로 546 (용담삼동)","39","2841372","39","http://tong.visitkorea.or.kr/cms/resource/57/2841357_image2_1.jpg","126.4969999896","33.5199610235","청도"
"제주특별자치도 서귀포시 서홍로 29 (서홍동)","39","2840920","39","http://tong.visitkorea.or.kr/cms/resource/16/2840916_image2_1.jpg","126.5532067468","33.2505805813","아리랑밀면"
"제주특별자치도 서귀포시 안덕면 동광로 112","39","2840903","39","http://tong.visitkorea.or.kr/cms/resource/00/2840900_image2_1.jpg","126.3389629754","33.3062571628","양가네 신화월드 본점"
"제주특별자치도 서귀포시 성읍정의현로22번길 14","39","2840885","39","http://tong.visitkorea.or.kr/cms/resource/81/2840881_image2_1.jpg","126.8023710152","33.3844031223","이어도식당"
"제주특별자치도 제주시 구좌읍 세평항로 46-9","39","2840695","39","http://tong.visitkorea.or.kr/cms/resource/83/2840683_image2_1.jpg","126.8560464211","33.5270215609","카페477플러스"
"제주특별자치도 제주시 조공포길 36 (외도일동)","39","2840638","39","http://tong.visitkorea.or.kr/cms/resource/27/2840627_image2_1.jpg","126.4341228251","33.4890245608","오짜장"
"제주특별자치도 제주시 관덕로 32-1 (삼도이동)","39","2840505","39","http://tong.visitkorea.or.kr/cms/resource/92/2840492_image2_1.jpg","126.5227367964","33.5131038591","순아커피"
"제주특별자치도 제주시 구좌읍 중산간동로 2261","39","2840487","39","http://tong.visitkorea.or.kr/cms/resource/73/2840473_image2_1.jpg","126.7843928004","33.4715876451","섭섭이네"
"제주특별자치도 제주시 탑동로 15 (삼도이동)","39","2840469","39","http://tong.visitkorea.or.kr/cms/resource/54/2840454_image2_1.jpg","126.5231672257","33.5170284317","미친부엌"
"제주특별자치도 제주시 도남로 104 (도남동, 백록아파트)","39","2839938","39","http://tong.visitkorea.or.kr/cms/resource/26/2839926_image2_1.jpg","126.5279562849","33.4911897022","한라향"
"제주특별자치도 제주시 아연로 182 (오라이동)","39","2839916","39","http://tong.visitkorea.or.kr/cms/resource/15/2839915_image2_1.jpg","126.5092139488","33.4700472992","한데모아 정실점"
"제주특별자치도 제주시 노형10길 6 (노형동)","39","2839903","39","http://tong.visitkorea.or.kr/cms/resource/96/2839896_image2_1.jpg","126.4776191647","33.4836508470","피즈 버거 노형점"
"제주특별자치도 제주시 용화로 57-1 (용담이동)","39","2839794","39","http://tong.visitkorea.or.kr/cms/resource/91/2839791_image2_1.jpg","126.5097630060","33.5095179388","임성반점"
"제주특별자치도 제주시 한림읍 귀덕3길 44","39","2839771","39","http://tong.visitkorea.or.kr/cms/resource/62/2839762_image2_1.jpg","126.2792179220","33.4416106964","롱로드"
"제주특별자치도 서귀포시 성산읍 한도로 255","39","2839742","39","http://tong.visitkorea.or.kr/cms/resource/36/2839736_image2_1.jpg","126.9348243278","33.4662128917","성산흑돼지두루치기 성산일출봉점"
"제주특별자치도 서귀포시 보목로64번길 178 (보목동)","39","2839730","39","http://tong.visitkorea.or.kr/cms/resource/22/2839722_image2_1.jpg","126.5905508715","33.2444429618","서귀피안 보래드 베이커스"
"제주특별자치도 서귀포시 대정읍 신영로 60-7","39","2839718","39","http://tong.visitkorea.or.kr/cms/resource/16/2839716_image2_1.jpg","126.2492726682","33.2204763428","나비정원"
"제주특별자치도 제주시 애월읍 장전로 57","39","2838100","39","http://tong.visitkorea.or.kr/cms/resource/86/2838086_image2_1.jpg","126.3842807673","33.4522250681","스시애월"
"제주특별자치도 제주시 한림읍 한림로 406","39","2838079","39","http://tong.visitkorea.or.kr/cms/resource/69/2838069_image2_1.jpg","126.2454968306","33.3979927727","비마이게스트"
"제주특별자치도 제주시 구좌읍 해맞이해안로 1464","39","2838059","39","http://tong.visitkorea.or.kr/cms/resource/52/2838052_image2_1.JPG","126.8618543076","33.5245497062","미엘드세화"
"제주특별자치도 제주시 북성로 43 (삼도이동)","39","2837996","39","http://tong.visitkorea.or.kr/cms/resource/88/2837988_image2_1.jpg","126.5201452985","33.5155924319","말고기연구소"
"제주특별자치도 제주시 수목원길 27 (연동)","39","2837242","39","http://tong.visitkorea.or.kr/cms/resource/32/2837232_image2_1.jpg","126.4878685946","33.4694748009","리보스코화덕피자"
"제주특별자치도 제주시 월랑로 36","39","2837181","39","http://tong.visitkorea.or.kr/cms/resource/75/2837175_image2_1.jpg","126.4763302701","33.4888641378","가시어멍김밥"
"제주특별자치도 서귀포시 신화역사로 581","39","2837142","39","http://tong.visitkorea.or.kr/cms/resource/27/2837127_image2_1.jpg","126.3497119467","33.3105401917","동광메밀짬뽕"
"제주특별자치도 제주시 도두봉6길 4 (도두일동)","39","2837068","39","http://tong.visitkorea.or.kr/cms/resource/52/2837052_image2_1.jpg","126.4719635282","33.5089340685","카페 나모나모베이커리"
"제주특별자치도 제주시 한림읍 한림로 475","39","2837033","39","http://tong.visitkorea.or.kr/cms/resource/25/2837025_image2_1.JPG","126.2510184831","33.4020118583","협재해물라면오빠네"
"제주특별자치도 제주시 월랑로4길 6 (노형동)","39","2836976","39","http://tong.visitkorea.or.kr/cms/resource/68/2836968_image2_1.jpg","126.4784939918","33.4879031676","제주돔베고기집"
"제주특별자치도 제주시 일주서로 7345 (외도이동)","39","2836964","39","http://tong.visitkorea.or.kr/cms/resource/49/2836949_image2_1.jpg","126.4317173715","33.4937712193","외도339"
"제주특별자치도 제주시 1100로 2894-49 (노형동)","39","2836873","39","http://tong.visitkorea.or.kr/cms/resource/64/2836864_image2_1.jpg","126.4873801880","33.4500241681","미스틱3도"
"제주특별자치도 서귀포시 안덕면 난드르로 49-17","39","2836825","39","http://tong.visitkorea.or.kr/cms/resource/18/2836818_image2_1.jpg","126.3632402420","33.2346182342","카페루시아 본점"
"제주특별자치도 서귀포시 성산읍 고성오조로97번길 17","39","2836808","39","http://tong.visitkorea.or.kr/cms/resource/06/2836806_image2_1.jpg","126.9121210656","33.4520585324","지은이네밥상"
"제주특별자치도 서귀포시 안덕면 대평감산로 12","39","2836502","39","http://tong.visitkorea.or.kr/cms/resource/99/2836499_image2_1.jpg","126.3668593459","33.2358042713","제주해조네 보말성게전문점"
"제주특별자치도 서귀포시 성산읍 섭지코지로 15","39","2833308","39","http://tong.visitkorea.or.kr/cms/resource/94/2833294_image2_1.png","126.9185069225","33.4390739586","성산 타쿠마스시"
"제주특별자치도 서귀포시 태평로 406-1 (서귀동)","39","2833269","39","http://tong.visitkorea.or.kr/cms/resource/67/2833267_image2_1.png","126.5638031862","33.2445703014","유동커피"
"제주특별자치도 서귀포시 부두로 23 (서귀동)","39","2833244","39","http://tong.visitkorea.or.kr/cms/resource/36/2833236_image2_1.JPG","126.5652336535","33.2429705005","솔동산고기국수"
"제주특별자치도 서귀포시 성산읍 고성오조로 11","39","2833201","39","http://tong.visitkorea.or.kr/cms/resource/96/2833196_image2_1.png","126.9135544343","33.4451287653","성산 부뚜막식당"
"제주특별자치도 서귀포시 성산읍 동류암로 20","39","2830228","39","http://tong.visitkorea.or.kr/cms/resource/17/2830217_image2_1.JPG","126.9180400527","33.4496450053","도렐 제주 본점"
"제주특별자치도 서귀포시 동광본동로 21","39","2830204","39","http://tong.visitkorea.or.kr/cms/resource/96/2830196_image2_1.JPG","126.3368020179","33.3078014028","무로이"
"제주특별자치도 서귀포시 천제연로 192","39","2791425","39","http://tong.visitkorea.or.kr/cms/resource/96/2800696_image2_1.jpg","126.4250095051","33.2516062199","중문수두리보말칼국수"
"제주특별자치도 서귀포시 남성중로 2-3","39","2932531","39","http://tong.visitkorea.or.kr/cms/resource/29/2932529_image2_1.jpg","126.5596952349","33.2433981431","장수애섬식당"
"제주특별자치도 서귀포시 중앙로41번길 4 천짓골식당","39","2831961","39","http://tong.visitkorea.or.kr/cms/resource/53/2831953_image2_1.JPG","126.5613172072","33.2482698538","천짓골식당"
"제주특별자치도 서귀포시 일주서로 879 (색달동)","39","2831590","39","http://tong.visitkorea.or.kr/cms/resource/40/2832740_image2_1.jpg","126.4167184145","33.2580109376","고집돌우럭 중문점"
"제주특별자치도 서귀포시 색달중앙로 33","39","2831941","39","http://tong.visitkorea.or.kr/cms/resource/33/2831933_image2_1.JPG","126.4134575743","33.2585497158","삼미흑돼지 중문점"
"제주특별자치도 제주시 화삼북로 38","39","2830485","39","http://tong.visitkorea.or.kr/cms/resource/81/2830481_image2_1.JPG","126.5769319952","33.5171098365","권가칼국수"
"제주특별자치도 제주시 금악동길 38","39","2830340","39","http://tong.visitkorea.or.kr/cms/resource/33/2830333_image2_1.JPG","126.3280741083","33.3476524167","우유부단"
"제주특별자치도 서귀포시 동일하모로98번길 48-59","39","2831920","39","http://tong.visitkorea.or.kr/cms/resource/06/2831906_image2_1.JPG","126.2442091801","33.2222482902","수애기베이커리"
"제주특별자치도 제주시 월대3길 16","39","2830500","39","http://tong.visitkorea.or.kr/cms/resource/95/2830495_image2_1.JPG","126.4340393810","33.4942462039","그럼외도"
"제주특별자치도 제주시 구좌읍 종달로1길 26-1","39","3066880","39","http://tong.visitkorea.or.kr/cms/resource/31/3066831_image2_1.jpg","126.8987795441","33.4959118035","이스트포레스트"
"제주특별자치도 서귀포시 도원남로 16","39","2831622","39","http://tong.visitkorea.or.kr/cms/resource/03/2831603_image2_1.JPG","126.1801414853","33.2691643300","미쁜제과"
"제주특별자치도 서귀포시 효돈로 54 (신효동)","39","2850113","39","http://tong.visitkorea.or.kr/cms/resource/99/2850099_image2_1.JPG","126.6049853373","33.2619829233","베케"
"제주특별자치도 서귀포시 호근서호로 20-14 (호근동)","39","3071677","39","http://tong.visitkorea.or.kr/cms/resource/46/3071646_image2_1.jpg","126.5390217302","33.2565935822","서귀포 제주에인 감귤밭 카페"
"제주특별자치도 서귀포시 표선면 중산간동로 4610","39","404165","39","http://tong.visitkorea.or.kr/cms/resource/17/3024417_image2_1.jpg","126.8031597057","33.3900830635","왕일번지식당"
"제주특별자치도 서귀포시 천제연로 101","39","1018723","39","http://tong.visitkorea.or.kr/cms/resource/12/3477212_image2_1.jpg","126.4165962685","33.2550751487","하영 흑돼지구이집"
"제주특별자치도 서귀포시 법환로 24","39","2765214","39","","126.5128244343","33.2372591895","올레안뜰"
"제주특별자치도 서귀포시 성산읍 일출로 255","39","404175","39","http://tong.visitkorea.or.kr/cms/resource/07/3024707_image2_1.jpg","126.9330912603","33.4611967513","제주뚝배기"
"제주특별자치도 서귀포시 표선면 민속해안로 40","39","404158","39","http://tong.visitkorea.or.kr/cms/resource/63/3024863_image2_1.jpg","126.8062030805","33.3036426522","표선세화해녀의집"
"제주특별자치도 서귀포시 안덕면 사계남로 167","39","404180","39","http://tong.visitkorea.or.kr/cms/resource/66/3024766_image2_1.jpg","126.3076174292","33.2283513861","진미명가"
"제주특별자치도 제주시 선덕로5길 20","39","664081","39","http://tong.visitkorea.or.kr/cms/resource/45/656845_image2_1.jpg","126.4977255785","33.4912225503","삼성혈해물탕"
"제주특별자치도 제주시 오라로 80","39","1896538","39","http://tong.visitkorea.or.kr/cms/resource/28/3396928_image2_1.jpg","126.5117825919","33.4955500733","오라숲소리"
"제주특별자치도 제주시 서해안로 572","39","1865762","39","http://tong.visitkorea.or.kr/cms/resource/49/3396849_image2_1.jpg","126.4993275871","33.5189945013","삼다도횟집"
"제주특별자치도 제주시 애월읍 고내로7길 45-12","39","1867998","39","http://tong.visitkorea.or.kr/cms/resource/50/3396850_image2_1.jpg","126.3366095862","33.4667893686","고불락"
"제주특별자치도 제주시 조천읍 조함해안로 428-4","39","1877056","39","http://tong.visitkorea.or.kr/cms/resource/53/3396953_image2_1.jpg","126.6607351684","33.5457941142","다래향"
"제주특별자치도 제주시 관덕로15길 25","39","135919","39","","126.5266586225","33.5155647604","돔베돈"
"제주특별자치도 제주시 사장길 38","39","1883622","39","http://tong.visitkorea.or.kr/cms/resource/99/3396599_image2_1.jpg","126.4945566049","33.4826040098","만부정"
"제주특별자치도 제주시 한경면 녹차분재로 628","39","1892305","39","http://tong.visitkorea.or.kr/cms/resource/79/3396979_image2_1.jpg","126.2605082705","33.3246538979","몽생이"
"제주특별자치도 제주시 연북로 221","39","1861360","39","http://tong.visitkorea.or.kr/cms/resource/99/3396899_image2_1.jpg","126.5051390387","33.4817126104","모이세해장국"
"제주특별자치도 제주시 애월읍 고내로7길 49","39","1892321","39","http://tong.visitkorea.or.kr/cms/resource/58/3396858_image2_1.jpg","126.3369206678","33.4668838075","무인카페 산책"
"제주특별자치도 제주시 삼성로 41","39","404202","39","http://tong.visitkorea.or.kr/cms/resource/22/3396822_image2_1.jpg","126.5301029645","33.5068657788","삼대국수회관"
"제주특별자치도 제주시 구좌읍 일주동로 3002","39","1861333","39","","126.8420753877","33.5280378892","비지곶식당"
"제주특별자치도 제주시 서사로24길 12","39","1872476","39","","126.5185930442","33.4984915228","그옛맛"
"제주특별자치도 제주시 관덕로8길 34","39","1404293","39","","126.5232423720","33.5103069552","바그다드"
"제주특별자치도 제주시 공항로1길 14 (용담이동)","39","2899667","39","","126.4975003109","33.5038711465","먹돌 제주본점"
"제주특별자치도 제주시 아연로 40","39","2894522","39","","126.4982369392","33.4782462172","풍천만가"
"제주특별자치도 제주시 일주서로 7335-8","39","2839759","39","","126.4309535489","33.4937545425","니모메"
"제주특별자치도 제주시 신광로 61","39","2839783","39","http://tong.visitkorea.or.kr/cms/resource/79/2839779_image2_1.jpg","126.4901152327","33.4866479357","서서방숯불닭갈비 제주본점"
"제주특별자치도 서귀포시 성산읍 해맞이해안로 2746","39","3030250","39","http://tong.visitkorea.or.kr/cms/resource/04/3030204_image2_1.jpg","126.9182256717","33.4702982825","온더스톤 브런치카페 제주성산점"
"제주특별자치도 제주시 애월해안로 722","39","2861425","39","http://tong.visitkorea.or.kr/cms/resource/18/2861418_image2_1.JPG","126.3780111538","33.4839603437","바다보는날"
"제주특별자치도 제주시 광성로 76","39","2852187","39","http://tong.visitkorea.or.kr/cms/resource/79/2852179_image2_1.jpg","126.4156862313","33.4583721062","카페브리프"
"제주특별자치도 제주시 우정로 17 제웅1차솔내음빌리지","39","2910930","39","http://tong.visitkorea.or.kr/cms/resource/13/2910913_image2_1.jpg","126.4311758095","33.4912409352","래용"
"제주특별자치도 제주시 통물길 30","39","2894496","39","http://tong.visitkorea.or.kr/cms/resource/89/2894489_image2_1.jpg","126.4348421978","33.4894328604","순두부엔짬뽕"
"제주특별자치도 제주시 소길1길 19","39","2852311","39","http://tong.visitkorea.or.kr/cms/resource/03/2852303_image2_1.jpg","126.3799286479","33.4397708216","골목카페옥수"
"제주특별자치도 제주시 하귀동남4길 4","39","2853278","39","http://tong.visitkorea.or.kr/cms/resource/71/2853271_image2_1.jpg","126.4124692997","33.4825082726","하르방짬뽕"
"제주특별자치도 서귀포시 사계남로216번길 24-32 네덜란드엿보기전시관","39","2852520","39","http://tong.visitkorea.or.kr/cms/resource/18/2852518_image2_1.JPG","126.3133001582","33.2334009178","커피스케치"
"제주특별자치도 제주시 세화8길 7","39","2851443","39","http://tong.visitkorea.or.kr/cms/resource/94/2851394_image2_1.jpg","126.8575797487","33.5215083065","호자"
"제주특별자치도 제주시 칠성로길 29-1","39","2904827","39","http://tong.visitkorea.or.kr/cms/resource/12/2904812_image2_1.jpg","126.5259753695","33.5146093001","마음에온"
"제주특별자치도 서귀포시 칠십리로 330 라임오렌지레스토랑","39","2899746","39","http://tong.visitkorea.or.kr/cms/resource/30/2899730_image2_1.jpg","126.5871289007","33.2464510197","라임오렌지카페앤플라워"
"제주특별자치도 제주시 하귀9길 14","39","2852063","39","http://tong.visitkorea.or.kr/cms/resource/56/2852056_image2_1.jpg","126.4151162206","33.4856662979","삼일해장국"
"제주특별자치도 제주시 김녕로21길 21","39","2851565","39","http://tong.visitkorea.or.kr/cms/resource/53/2851553_image2_1.jpg","126.7553155654","33.5578415238","쪼끌락"
"제주특별자치도 제주시 구좌읍 하도9길 72","39","2785883","39","http://tong.visitkorea.or.kr/cms/resource/76/2792076_image2_1.jpg","126.8903215808","33.5116682578","아날로그사운즈"
"제주특별자치도 서귀포시 신풍하동로19번길 59","39","2851125","39","http://tong.visitkorea.or.kr/cms/resource/99/2851099_image2_1.jpg","126.8388016012","33.3665251268","아줄레주"
"제주특별자치도 제주시 구좌읍 송당리","39","2853471","39","http://tong.visitkorea.or.kr/cms/resource/62/2853462_image2_1.jpg","126.7709498938","33.4553586672","안도르"
"제주특별자치도 서귀포시 신양로122번길 17","39","2877645","39","http://tong.visitkorea.or.kr/cms/resource/35/2877635_image2_1.jpg","126.9219900411","33.4352827669","서귀피안 베이커리"
"제주특별자치도 서귀포시 이어도로 880","39","2844044","39","http://tong.visitkorea.or.kr/cms/resource/41/2844041_image2_1.jpg","126.5087220331","33.2363120071","카페텐저린"
"제주특별자치도 제주시 비자림로 685","39","2906222","39","http://tong.visitkorea.or.kr/cms/resource/06/2906206_image2_1.JPG","126.6795082596","33.4363898514","제주맛집칼국수"
"제주특별자치도 서귀포시 공천포로 91","39","2905789","39","http://tong.visitkorea.or.kr/cms/resource/73/2905773_image2_1.jpg","126.6427791869","33.2663802615","카페숑"
"제주특별자치도 제주시 우도해안길 532","39","2854364","39","http://tong.visitkorea.or.kr/cms/resource/50/2854350_image2_1.jpg","126.9485746495","33.5209209575","하하호호"
"제주특별자치도 제주시 1100로 2977-15","39","2902776","39","http://tong.visitkorea.or.kr/cms/resource/64/2902764_image2_1.jpg","126.4855025099","33.4528293831","쁠랑뜨"
"제주특별자치도 제주시 테우해안로 44-1","39","2903532","39","http://tong.visitkorea.or.kr/cms/resource/23/2903523_image2_1.jpg","126.4398055121","33.4957461292","돌담너머바다"
"제주특별자치도 제주시 판포1길 11","39","2849980","39","http://tong.visitkorea.or.kr/cms/resource/79/2849979_image2_1.JPG","126.1982461153","33.3652123260","판포미인"
"제주특별자치도 서귀포시 산방로 378","39","2778874","39","http://tong.visitkorea.or.kr/cms/resource/19/2800419_image2_1.jpg","126.2965127692","33.2314342058","춘미향"
"제주특별자치도 제주시 가문동길 80","39","2893702","39","http://tong.visitkorea.or.kr/cms/resource/94/2893694_image2_1.jpg","126.3907765945","33.4890710908","회춘 애월점"
"제주특별자치도 서귀포시 월산로 16","39","2854455","39","http://tong.visitkorea.or.kr/cms/resource/54/2854454_image2_1.jpg","126.4946032358","33.2620894948","감따남"
"제주특별자치도 제주시 하귀10길 49-2","39","2870835","39","http://tong.visitkorea.or.kr/cms/resource/28/2870828_image2_1.JPG","126.4106831878","33.4894213675","토토네"
"제주특별자치도 제주시 은수길 65","39","2892239","39","http://tong.visitkorea.or.kr/cms/resource/93/2891893_image2_1.jpg","126.4871991809","33.4706857673","볕이드는곳벧디"
"제주특별자치도 제주시 한경면 연명로 543","39","2911053","39","http://tong.visitkorea.or.kr/cms/resource/41/2911041_image2_1.JPG","126.2673967427","33.3164771319","알동네집"
"제주특별자치도 제주시 한경면 금등4길 11","39","2783430","39","http://tong.visitkorea.or.kr/cms/resource/25/2784625_image2_1.jpg","126.1958075111","33.3619682017","마루나키친"
"제주특별자치도 서귀포시 태평로92번길 8","39","2851146","39","http://tong.visitkorea.or.kr/cms/resource/22/2851122_image2_1.jpg","126.5328058954","33.2435310361","자연스러운식당"
"제주특별자치도 제주시 해맞이해안로 650-20","39","2940065","39","","126.8135077198","33.5585340531","칠분의오"
"제주특별자치도 서귀포시 일출로 86","39","2847829","39","http://tong.visitkorea.or.kr/cms/resource/20/2847820_image2_1.JPG","126.9215564052","33.4500589058","호랑호랑 성산카페"
"제주특별자치도 제주시 탑동로 43","39","2940076","39","","126.5203646768","33.5176783151","카고크루즈"
"제주특별자치도 제주시 한림상로 15-5","39","2858612","39","http://tong.visitkorea.or.kr/cms/resource/85/2858585_image2_1.jpg","126.2569178869","33.4057282066","문쏘 제주협재점"
"제주특별자치도 서귀포시 신화역사로 611","39","2851007","39","http://tong.visitkorea.or.kr/cms/resource/89/2850989_image2_1.jpg","126.3525866828","33.3111818331","바램목장&카페"
"제주특별자치도 제주시 신북로 144","39","2904656","39","http://tong.visitkorea.or.kr/cms/resource/41/2904641_image2_1.jpg","126.6284354411","33.5351197779","딜레탕트"
"제주특별자치도 제주시 애월읍 하귀2길 46-16","39","2782843","39","http://tong.visitkorea.or.kr/cms/resource/68/2783168_image2_1.jpg","126.4143856280","33.4901296811","슬로보트"
"제주특별자치도 제주시 조천읍 조함해안로 217-1","39","2788882","39","http://tong.visitkorea.or.kr/cms/resource/40/2796240_image2_1.jpg","126.6440031125","33.5535346551","문개항아리 조천본점"
"제주특별자치도 서귀포시 성읍민속로 130","39","2847852","39","http://tong.visitkorea.or.kr/cms/resource/43/2847843_image2_1.JPG","126.7989489935","33.3885998263","옛날팥죽"
"제주특별자치도 서귀포시 안덕면 일주서로 1322-1","39","2847823","39","http://tong.visitkorea.or.kr/cms/resource/17/2847817_image2_1.jpg","126.3719637973","33.2655038505","달팽이식당"
"제주특별자치도 제주시 봉성로 66","39","2852023","39","http://tong.visitkorea.or.kr/cms/resource/19/2852019_image2_1.jpg","126.3126266402","33.4187193119","봉성식당"
"제주특별자치도 서귀포시 일주서로 330","39","2859054","39","http://tong.visitkorea.or.kr/cms/resource/51/2859051_image2_1.JPG","126.4734719380","33.2529873880","올디벗구디"
"제주특별자치도 서귀포시 하신상로 417","39","2851196","39","http://tong.visitkorea.or.kr/cms/resource/65/2851165_image2_1.jpg","126.5961909984","33.2911545642","친봉산장"
"제주특별자치도 제주시 한림읍 협재1길 27-6","39","2755870","39","http://tong.visitkorea.or.kr/cms/resource/13/2756013_image2_1.jpg","126.2429414999","33.3978677462","바다위에코끼리"
"제주특별자치도 제주시 애월읍 애월로 6","39","2759061","39","http://tong.visitkorea.or.kr/cms/resource/08/2759208_image2_1.jpg","126.3113536176","33.4593342400","고이정"
"제주특별자치도 제주시 오광로 128","39","2759849","39","http://tong.visitkorea.or.kr/cms/resource/09/2760109_image2_1.jpg","126.4609483627","33.4849337731","임금님밥상"
"제주특별자치도 제주시 종달동길 23","39","2851643","39","http://tong.visitkorea.or.kr/cms/resource/32/2851632_image2_1.jpg","126.9022876754","33.4914873493","모뉴에트"
"제주특별자치도 제주시 애월읍 일주서로 7089","39","2763771","39","http://tong.visitkorea.or.kr/cms/resource/17/2764017_image2_1.jpg","126.4067836428","33.4842996510","바다속고등어쌈밥"
"제주특별자치도 제주시 서부두남길 12","39","2857388","39","http://tong.visitkorea.or.kr/cms/resource/62/2857362_image2_1.jpg","126.5276835417","33.5151842636","온차"
"제주특별자치도 제주시 중엄안1길 25","39","2857350","39","http://tong.visitkorea.or.kr/cms/resource/41/2857341_image2_1.jpg","126.3708925420","33.4744723929","당당"
"제주특별자치도 제주시 가문동남길 63","39","2906174","39","http://tong.visitkorea.or.kr/cms/resource/71/2906171_image2_1.JPG","126.3911377809","33.4843271774","금돈가 제주본점"
"제주특별자치도 서귀포시 동류암로 33","39","2847894","39","http://tong.visitkorea.or.kr/cms/resource/88/2847888_image2_1.JPG","126.9169512735","33.4489783952","부촌"
"제주특별자치도 제주시 해맞이해안로 1296","39","2853435","39","http://tong.visitkorea.or.kr/cms/resource/24/2853424_image2_1.jpg","126.8509745258","33.5319348245","갈치공장"
"제주특별자치도 제주시 서해안로 64","39","2854211","39","http://tong.visitkorea.or.kr/cms/resource/94/2854194_image2_1.jpg","126.4567455524","33.5025317580","인그리드"
"제주특별자치도 서귀포시 일주서로 508","39","2850960","39","http://tong.visitkorea.or.kr/cms/resource/47/2850947_image2_1.jpg","126.4545402345","33.2535175856","중문 모메든식당"
"제주특별자치도 제주시 금능길 58-1","39","2853658","39","http://tong.visitkorea.or.kr/cms/resource/48/2853648_image2_1.jpg","126.2296595393","33.3881213939","잔물결"
"제주특별자치도 제주시 애월로 139-4","39","2851913","39","http://tong.visitkorea.or.kr/cms/resource/11/2851911_image2_1.jpg","126.3226414094","33.4644477406","단소"
"제주특별자치도 제주시 수덕5길 85-7","39","2851610","39","http://tong.visitkorea.or.kr/cms/resource/01/2851601_image2_1.jpg","126.4716113971","33.4817204094","용꽈배기"
"제주특별자치도 제주시 해맞이해안로 2080","39","2877801","39","http://tong.visitkorea.or.kr/cms/resource/93/2877793_image2_1.jpg","126.9051064460","33.5101047816","꼬스뗀뇨"
"제주특별자치도 제주시 가문동길 38","39","2850039","39","http://tong.visitkorea.or.kr/cms/resource/34/2850034_image2_1.jpeg","126.3924515219","33.4858131444","해물통라면 문개항아리 애월해안도로점"
"제주특별자치도 제주시 서해안로 317","39","2850048","39","http://tong.visitkorea.or.kr/cms/resource/44/2850044_image2_1.JPG","126.4791906626","33.5095952211","도두반점 제주사수점"
"제주특별자치도 서귀포시 색달로 10 (색달동)","39","2829949","39","http://tong.visitkorea.or.kr/cms/resource/46/2829946_image2_1.jpg","126.4061248696","33.2588912291","연돈"
"제주특별자치도 제주시 서광로 98","39","2763796","39","http://tong.visitkorea.or.kr/cms/resource/60/2764060_image2_1.jpg","126.5070162384","33.5000133921","착한집"
"제주특별자치도 제주시 조천읍 신북로 540","39","2792533","39","http://tong.visitkorea.or.kr/cms/resource/01/2799701_image2_1.jpg","126.6673958034","33.5413197163","버드나무집"
"제주특별자치도 서귀포시 중문관광로 194","39","2758844","39","http://tong.visitkorea.or.kr/cms/resource/92/2758892_image2_1.jpg","126.4191518851","33.2424043651","중문해녀의집"
"제주특별자치도 제주시 애월읍 상고길 47","39","2755879","39","http://tong.visitkorea.or.kr/cms/resource/14/2756014_image2_1.jpg","126.4158748424","33.4699597157","스마일러"
"제주특별자치도 제주시 조천읍 비자림로 645","39","2759603","39","http://tong.visitkorea.or.kr/cms/resource/92/2759692_image2_1.jpg","126.6760057906","33.4361675979","교래손칼국수(원조교래손칼국수)"
"제주특별자치도 제주시 은남3길 1","39","2767696","39","","126.4955008644","33.4871618534","국수만찬"
"제주특별자치도 서귀포시 일주서로 470","39","2774868","39","http://tong.visitkorea.or.kr/cms/resource/38/2774938_image2_1.jpg","126.4583815477","33.2544508767","영실국수"
"제주특별자치도 제주시 구좌읍 월정7길 46","39","2779435","39","http://tong.visitkorea.or.kr/cms/resource/43/2799743_image2_1.jpg","126.7968120307","33.5548925198","월정리갈비밥"
"제주특별자치도 제주시 삼무로3길 46-1","39","2759608","39","http://tong.visitkorea.or.kr/cms/resource/07/2759707_image2_1.jpg","126.4909789569","33.4905891798","삼무국수"
"제주특별자치도 서귀포시 성산읍 산성효자로114번길 131-1","39","2791230","39","http://tong.visitkorea.or.kr/cms/resource/40/2791240_image2_1.jpg","126.9084129597","33.4561052475","카페 이스틀리"
"제주특별자치도 제주시 애월읍 일주서로 7213","39","2759616","39","http://tong.visitkorea.or.kr/cms/resource/34/2759734_image2_1.jpg","126.4187130541","33.4890243164","이춘옥 원조 고등어쌈밥"
"제주특별자치도 제주시 애월읍 신엄9길 2","39","2759091","39","http://tong.visitkorea.or.kr/cms/resource/29/2759229_image2_1.jpg","126.3685427963","33.4722559343","구이사이"
"제주특별자치도 제주시 조천읍 선교로 198-5","39","2763762","39","http://tong.visitkorea.or.kr/cms/resource/04/2773404_image2_1.jpg","126.6988860073","33.4857235955","구좌상회"
"제주특별자치도 서귀포시 대정읍 영어도시로 64","39","2756099","39","http://tong.visitkorea.or.kr/cms/resource/93/2756093_image2_1.jpg","126.2795632114","33.2778093738","봉순이네흑돼지"
"제주특별자치도 제주시 한림읍 일주서로 5892","39","2755913","39","http://tong.visitkorea.or.kr/cms/resource/37/2756037_image2_1.jpg","126.2954247979","33.4437523808","하우스레서피"
"제주특별자치도 제주시 구좌읍 구좌해안로 64","39","2759096","39","http://tong.visitkorea.or.kr/cms/resource/21/2759221_image2_1.jpg","126.7205186105","33.5568605164","곰막식당/곰막"
"제주특별자치도 서귀포시 일주서로 953","39","2755000","39","http://tong.visitkorea.or.kr/cms/resource/26/2755126_image2_1.jpg","126.4091024145","33.2577414031","돈이랑"
"제주특별자치도 서귀포시 하예하동로16번길 11-1","39","2755444","39","http://tong.visitkorea.or.kr/cms/resource/02/2755602_image2_1.jpg","126.3709895690","33.2346461302","난드르바당"
"제주특별자치도 서귀포시 대정읍 하모항구로 62","39","2758848","39","http://tong.visitkorea.or.kr/cms/resource/95/2758895_image2_1.jpg","126.2510586602","33.2188543277","부두식당 / (주)부두식당"
"제주특별자치도 서귀포시 남원읍 위미해안로 86","39","2753045","39","http://tong.visitkorea.or.kr/cms/resource/38/2753538_image2_1.jpg","126.6555891188","33.2694523481","카페서연의집"
